Disease,Symptom1,Symptom2,Remedy1,Remedy2,Category,Severity Level,Plant Affected,Cause,Preventive Measures,Node Type,Parent Node
Apple___Apple_scab,Dark lesions on leaves,Yellow spots,Fungicide,Neem Oil,Fungal,Severe,Apple,Venturia inaequalis,Use resistant varieties,Disease,Fungal Disease
Apple___Black_rot,Black spots on fruit,Leaf wilting,Copper Spray,Pruning,Fungal,Moderate,Apple,Botryosphaeria obtusa,Proper sanitation,Disease,Fungal Disease
Apple___Cedar_apple_rust,Orange spots,Twig swelling,Fungicide,Remove infected plants,Fungal,Mild,Apple,Gymnosporangium juniperi-virginianae,Avoid planting near cedars,Disease,Fungal Disease
Apple___healthy,No symptoms,None,None,None,Healthy,None,Apple,None,Proper nutrition,Disease,None
Blueberry___healthy,No symptoms,None,None,None,Healthy,None,Blueberry,None,Proper care,Disease,None
Cherry_(including_sour)___Powdery_mildew,White powder on leaves,Leaf curling,Sulfur Spray,Baking Soda,Fungal,Moderate,Cherry,Podosphaera clandestina,Avoid moisture,Disease,Fungal Disease
Cherry_(including_sour)___healthy,No symptoms,None,None,None,Healthy,None,Cherry,None,Proper care,Disease,None
Corn_(maize)___Cercospora_leaf_spot Gray_leaf_spot,Gray lesions on leaves,Wilting,Fungicide,Crop rotation,Fungal,Severe,Corn,Cercospora zeae-maydis,Resistant hybrids,Disease,Fungal Disease
Corn_(maize)___Common_rust_,Reddish pustules,Leaf curling,Fungicide,Copper Spray,Fungal,Moderate,Corn,Puccinia sorghi,Proper spacing,Disease,Fungal Disease
Corn_(maize)___Northern_Leaf_Blight,Cigar-shaped lesions,Yellowing,Fungicide,Crop rotation,Fungal,Severe,Corn,Exserohilum turcicum,Resistant varieties,Disease,Fungal Disease
Corn_(maize)___healthy,No symptoms,None,None,None,Healthy,None,Corn,None,Proper care,Disease,None
Grape___Black_rot,Dark circular spots,Shriveled fruit,Fungicide,Pruning,Fungal,Severe,Grape,Guignardia bidwellii,Sanitation,Disease,Fungal Disease
Grape___Esca_(Black_Measles),Dark streaks in wood,Yellow leaves,Fungicide,Trunk removal,Fungal,Severe,Grape,Phaeomoniella chlamydospora,Avoid vine stress,Disease,Fungal Disease
Grape___Leaf_blight_(Isariopsis_Leaf_Spot),Brown lesions on leaves,Defoliation,Fungicide,Proper ventilation,Fungal,Moderate,Grape,Isariopsis sp.,Sanitation,Disease,Fungal Disease
Grape___healthy,No symptoms,None,None,None,Healthy,None,Grape,None,Proper care,Disease,None
Orange___Haunglongbing_(Citrus_greening),Yellow shoots,Mottled leaves,No cure,Vector control,Bacterial,Severe,Orange,Candidatus Liberibacter,Insect control,Disease,Bacterial Disease
Peach___Bacterial_spot,Water-soaked lesions,Leaf holes,Copper Spray,Sanitation,Bacterial,Moderate,Peach,Xanthomonas campestris,Avoid moisture,Disease,Bacterial Disease
Peach___healthy,No symptoms,None,None,None,Healthy,None,Peach,None,Proper care,Disease,None
Potato___Early_blight,Brown spots,Yellowing,Fungicide,Crop rotation,Fungal,Moderate,Potato,Alternaria solani,Proper drainage,Disease,Fungal Disease
Potato___Late_blight,Water-soaked lesions,Decay,Fungicide,Copper Spray,Fungal,Severe,Potato,Phytophthora infestans,Resistant varieties,Disease,Fungal Disease
Potato___healthy,No symptoms,None,None,None,Healthy,None,Potato,None,Proper care,Disease,None
"Pepper,_bell___Bacterial_spot",Small dark spots,Yellowing,Copper Spray,Pruning,Bacterial,Moderate,"Pepper,_bell",Xanthomonas,Proper spacing,Disease,Bacterial Disease
"Pepper,_bell___healthy",No symptoms,None,None,None,Healthy,None,"Pepper,_bell",None,Proper care,Disease,None
Potato___Early_blight,Brown spots,Yellowing,Fungicide,Crop rotation,Fungal,Moderate,Potato,Alternaria solani,Proper drainage,Disease,Fungal Disease
Potato___Late_blight,Water-soaked lesions,Decay,Fungicide,Copper Spray,Fungal,Severe,Potato,Phytophthora infestans,Resistant varieties,Disease,Fungal Disease
Potato___healthy,No symptoms,None,None,None,Healthy,None,Potato,None,Proper care,Disease,None
Raspberry___healthy,No symptoms,None,None,None,Healthy,None,Raspberry,None,Proper care,Disease,None
Soybean___healthy,No symptoms,None,None,None,Healthy,None,Soybean,None,Proper care,Disease,None
Squash___Powdery_mildew,White powdery spots,Leaf curling,Sulfur Spray,Neem Oil,Fungal,Moderate,Squash,Podosphaera xanthii,Avoid moisture,Disease,Fungal Disease
Strawberry___Leaf_scorch,Red-purple lesions,Leaf curling,Fungicide,Pruning,Fungal,Moderate,Strawberry,Diplocarpon earliana,Sanitation,Disease,Fungal Disease
Strawberry___healthy,No symptoms,None,None,None,Healthy,None,Strawberry,None,Proper care,Disease,None
Tomato___Bacterial_spot,Yellow spots,Leaf holes,Copper Spray,Sanitation,Bacterial,Moderate,Tomato,Xanthomonas,Proper moisture,Disease,Bacterial Disease
Tomato___Early_blight,Brown spots,Wilting,Fungicide,Crop rotation,Fungal,Moderate,Tomato,Alternaria solani,Proper spacing,Disease,Fungal Disease
Tomato___Late_blight,Water-soaked lesions,Decay,Fungicide,Copper Spray,Fungal,Severe,Tomato,Phytophthora infestans,Avoid wet leaves,Disease,Fungal Disease
Tomato___Leaf_Mold,Yellow leaf spots,Curling,Fungicide,Pruning,Fungal,Moderate,Tomato,Passalora fulva,Avoid overcrowding,Disease,Fungal Disease
Tomato___Septoria_leaf_spot,Circular dark spots,Yellowing,Fungicide,Crop rotation,Fungal,Moderate,Tomato,Septoria lycopersici,Sanitation,Disease,Fungal Disease
Tomato___Spider_mites Two-spotted_spider_mite,Yellow stippling,Webbing,Insecticidal soap,Neem Oil,Pest,Moderate,Tomato,Tetranychus urticae,Increase humidity,Disease,Pest Infestation
Tomato___Target_Spot,Brown lesions,Leaf drop,Fungicide,Pruning,Fungal,Severe,Tomato,Corynespora cassiicola,Sanitation,Disease,Fungal Disease
Tomato___Tomato_Yellow_Leaf_Curl_Virus,Leaf curling,Stunted growth,No cure,Vector control,Viral,Severe,Tomato,Begomovirus,Use resistant varieties,Disease,Viral Disease
Tomato___Tomato_mosaic_virus,Mosaic-like patterns,Leaf distortion,No cure,Remove infected plants,Viral,Severe,Tomato,Tobamovirus,Use certified seeds,Disease,Viral Disease
Tomato___healthy,No symptoms,None,None,None,Healthy,None,Tomato,None,Proper care,Disease,None
