Disease,Week,Severity
Apple___Apple_scab,1,0.0
Apple___Apple_scab,2,1.0
Apple___Apple_scab,3,1.5
Apple___Apple_scab,4,1.5
Apple___Apple_scab,5,2.5
Apple___Apple_scab,6,3.5
Apple___Apple_scab,7,4.0
Apple___Apple_scab,8,4.0
Apple___Apple_scab,9,4.0
Apple___Apple_scab,10,4.0
Apple___Apple_scab,11,4.0
Apple___Apple_scab,12,4.0
Apple___Apple_scab,13,4.0
Apple___Apple_scab,14,4.0
Apple___Apple_scab,15,4.0
Apple___Apple_scab,16,4.0
Apple___Apple_scab,17,4.0
Apple___Apple_scab,18,4.0
Apple___Apple_scab,19,4.0
Apple___Apple_scab,20,4.0
Apple___Apple_scab,21,4.0
Apple___Apple_scab,22,4.0
Apple___Apple_scab,23,4.0
Apple___Apple_scab,24,4.0
Apple___Apple_scab,25,4.0
Apple___Apple_scab,26,4.0
Apple___Apple_scab,27,4.0
Apple___Apple_scab,28,4.0
Apple___Apple_scab,29,4.0
Apple___Apple_scab,30,4.0
Apple___Apple_scab,31,4.0
Apple___Apple_scab,32,4.0
Apple___Apple_scab,33,4.0
Apple___Apple_scab,34,4.0
Apple___Apple_scab,35,4.0
Apple___Apple_scab,36,4.0
Apple___Apple_scab,37,4.0
Apple___Apple_scab,38,4.0
Apple___Apple_scab,39,4.0
Apple___Apple_scab,40,4.0
Apple___Apple_scab,41,4.0
Apple___Apple_scab,42,4.0
Apple___Apple_scab,43,4.0
Apple___Apple_scab,44,4.0
Apple___Apple_scab,45,4.0
Apple___Apple_scab,46,4.0
Apple___Apple_scab,47,4.0
Apple___Apple_scab,48,4.0
Apple___Apple_scab,49,4.0
Apple___Apple_scab,50,4.0
Apple___Apple_scab,51,4.0
Apple___Apple_scab,52,4.0
Apple___Black_rot,1,1.0
Apple___Black_rot,2,1.5
Apple___Black_rot,3,1.5
Apple___Black_rot,4,2.0
Apple___Black_rot,5,3.0
Apple___Black_rot,6,3.5
Apple___Black_rot,7,4.0
Apple___Black_rot,8,4.0
Apple___Black_rot,9,4.0
Apple___Black_rot,10,4.0
Apple___Black_rot,11,4.0
Apple___Black_rot,12,4.0
Apple___Black_rot,13,4.0
Apple___Black_rot,14,4.0
Apple___Black_rot,15,4.0
Apple___Black_rot,16,4.0
Apple___Black_rot,17,4.0
Apple___Black_rot,18,4.0
Apple___Black_rot,19,4.0
Apple___Black_rot,20,4.0
Apple___Black_rot,21,4.0
Apple___Black_rot,22,4.0
Apple___Black_rot,23,4.0
Apple___Black_rot,24,4.0
Apple___Black_rot,25,4.0
Apple___Black_rot,26,4.0
Apple___Black_rot,27,4.0
Apple___Black_rot,28,4.0
Apple___Black_rot,29,4.0
Apple___Black_rot,30,4.0
Apple___Black_rot,31,4.0
Apple___Black_rot,32,4.0
Apple___Black_rot,33,4.0
Apple___Black_rot,34,4.0
Apple___Black_rot,35,4.0
Apple___Black_rot,36,4.0
Apple___Black_rot,37,4.0
Apple___Black_rot,38,4.0
Apple___Black_rot,39,4.0
Apple___Black_rot,40,4.0
Apple___Black_rot,41,4.0
Apple___Black_rot,42,4.0
Apple___Black_rot,43,4.0
Apple___Black_rot,44,4.0
Apple___Black_rot,45,4.0
Apple___Black_rot,46,4.0
Apple___Black_rot,47,4.0
Apple___Black_rot,48,4.0
Apple___Black_rot,49,4.0
Apple___Black_rot,50,4.0
Apple___Black_rot,51,4.0
Apple___Black_rot,52,4.0
Apple___Cedar_apple_rust,1,0.5
Apple___Cedar_apple_rust,2,1.5
Apple___Cedar_apple_rust,3,2.0
Apple___Cedar_apple_rust,4,2.5
Apple___Cedar_apple_rust,5,3.5
Apple___Cedar_apple_rust,6,4.0
Apple___Cedar_apple_rust,7,4.0
Apple___Cedar_apple_rust,8,4.0
Apple___Cedar_apple_rust,9,4.0
Apple___Cedar_apple_rust,10,4.0
Apple___Cedar_apple_rust,11,4.0
Apple___Cedar_apple_rust,12,4.0
Apple___Cedar_apple_rust,13,4.0
Apple___Cedar_apple_rust,14,4.0
Apple___Cedar_apple_rust,15,4.0
Apple___Cedar_apple_rust,16,4.0
Apple___Cedar_apple_rust,17,4.0
Apple___Cedar_apple_rust,18,4.0
Apple___Cedar_apple_rust,19,4.0
Apple___Cedar_apple_rust,20,4.0
Apple___Cedar_apple_rust,21,4.0
Apple___Cedar_apple_rust,22,4.0
Apple___Cedar_apple_rust,23,4.0
Apple___Cedar_apple_rust,24,4.0
Apple___Cedar_apple_rust,25,4.0
Apple___Cedar_apple_rust,26,4.0
Apple___Cedar_apple_rust,27,4.0
Apple___Cedar_apple_rust,28,4.0
Apple___Cedar_apple_rust,29,4.0
Apple___Cedar_apple_rust,30,4.0
Apple___Cedar_apple_rust,31,4.0
Apple___Cedar_apple_rust,32,4.0
Apple___Cedar_apple_rust,33,4.0
Apple___Cedar_apple_rust,34,4.0
Apple___Cedar_apple_rust,35,4.0
Apple___Cedar_apple_rust,36,4.0
Apple___Cedar_apple_rust,37,4.0
Apple___Cedar_apple_rust,38,4.0
Apple___Cedar_apple_rust,39,4.0
Apple___Cedar_apple_rust,40,4.0
Apple___Cedar_apple_rust,41,4.0
Apple___Cedar_apple_rust,42,4.0
Apple___Cedar_apple_rust,43,4.0
Apple___Cedar_apple_rust,44,4.0
Apple___Cedar_apple_rust,45,4.0
Apple___Cedar_apple_rust,46,4.0
Apple___Cedar_apple_rust,47,4.0
Apple___Cedar_apple_rust,48,4.0
Apple___Cedar_apple_rust,49,4.0
Apple___Cedar_apple_rust,50,4.0
Apple___Cedar_apple_rust,51,4.0
Apple___Cedar_apple_rust,52,4.0
Apple___healthy,1,0.0
Apple___healthy,2,0.0
Apple___healthy,3,0.0
Apple___healthy,4,0.0
Apple___healthy,5,0.0
Apple___healthy,6,0.0
Apple___healthy,7,0.0
Apple___healthy,8,0.0
Apple___healthy,9,0.0
Apple___healthy,10,0.0
Apple___healthy,11,0.0
Apple___healthy,12,0.0
Apple___healthy,13,0.0
Apple___healthy,14,0.0
Apple___healthy,15,0.0
Apple___healthy,16,0.0
Apple___healthy,17,0.0
Apple___healthy,18,0.0
Apple___healthy,19,0.0
Apple___healthy,20,0.0
Apple___healthy,21,0.0
Apple___healthy,22,0.0
Apple___healthy,23,0.0
Apple___healthy,24,0.0
Apple___healthy,25,0.0
Apple___healthy,26,0.0
Apple___healthy,27,0.0
Apple___healthy,28,0.0
Apple___healthy,29,0.0
Apple___healthy,30,0.0
Apple___healthy,31,0.0
Apple___healthy,32,0.0
Apple___healthy,33,0.0
Apple___healthy,34,0.0
Apple___healthy,35,0.0
Apple___healthy,36,0.0
Apple___healthy,37,0.0
Apple___healthy,38,0.0
Apple___healthy,39,0.0
Apple___healthy,40,0.0
Apple___healthy,41,0.0
Apple___healthy,42,0.0
Apple___healthy,43,0.0
Apple___healthy,44,0.0
Apple___healthy,45,0.0
Apple___healthy,46,0.0
Apple___healthy,47,0.0
Apple___healthy,48,0.0
Apple___healthy,49,0.0
Apple___healthy,50,0.0
Apple___healthy,51,0.0
Apple___healthy,52,0.0
Blueberry___healthy,1,0.0
Blueberry___healthy,2,0.0
Blueberry___healthy,3,0.0
Blueberry___healthy,4,0.0
Blueberry___healthy,5,0.0
Blueberry___healthy,6,0.0
Blueberry___healthy,7,0.0
Blueberry___healthy,8,0.0
Blueberry___healthy,9,0.0
Blueberry___healthy,10,0.0
Blueberry___healthy,11,0.0
Blueberry___healthy,12,0.0
Blueberry___healthy,13,0.0
Blueberry___healthy,14,0.0
Blueberry___healthy,15,0.0
Blueberry___healthy,16,0.0
Blueberry___healthy,17,0.0
Blueberry___healthy,18,0.0
Blueberry___healthy,19,0.0
Blueberry___healthy,20,0.0
Blueberry___healthy,21,0.0
Blueberry___healthy,22,0.0
Blueberry___healthy,23,0.0
Blueberry___healthy,24,0.0
Blueberry___healthy,25,0.0
Blueberry___healthy,26,0.0
Blueberry___healthy,27,0.0
Blueberry___healthy,28,0.0
Blueberry___healthy,29,0.0
Blueberry___healthy,30,0.0
Blueberry___healthy,31,0.0
Blueberry___healthy,32,0.0
Blueberry___healthy,33,0.0
Blueberry___healthy,34,0.0
Blueberry___healthy,35,0.0
Blueberry___healthy,36,0.0
Blueberry___healthy,37,0.0
Blueberry___healthy,38,0.0
Blueberry___healthy,39,0.0
Blueberry___healthy,40,0.0
Blueberry___healthy,41,0.0
Blueberry___healthy,42,0.0
Blueberry___healthy,43,0.0
Blueberry___healthy,44,0.0
Blueberry___healthy,45,0.0
Blueberry___healthy,46,0.0
Blueberry___healthy,47,0.0
Blueberry___healthy,48,0.0
Blueberry___healthy,49,0.0
Blueberry___healthy,50,0.0
Blueberry___healthy,51,0.0
Blueberry___healthy,52,0.0
Cherry_(including_sour)___Powdery_mildew,1,1.0
Cherry_(including_sour)___Powdery_mildew,2,2.0
Cherry_(including_sour)___Powdery_mildew,3,3.0
Cherry_(including_sour)___Powdery_mildew,4,4.0
Cherry_(including_sour)___Powdery_mildew,5,4.0
Cherry_(including_sour)___Powdery_mildew,6,4.0
Cherry_(including_sour)___Powdery_mildew,7,4.0
Cherry_(including_sour)___Powdery_mildew,8,4.0
Cherry_(including_sour)___Powdery_mildew,9,4.0
Cherry_(including_sour)___Powdery_mildew,10,4.0
Cherry_(including_sour)___Powdery_mildew,11,4.0
Cherry_(including_sour)___Powdery_mildew,12,4.0
Cherry_(including_sour)___Powdery_mildew,13,4.0
Cherry_(including_sour)___Powdery_mildew,14,4.0
Cherry_(including_sour)___Powdery_mildew,15,4.0
Cherry_(including_sour)___Powdery_mildew,16,4.0
Cherry_(including_sour)___Powdery_mildew,17,4.0
Cherry_(including_sour)___Powdery_mildew,18,4.0
Cherry_(including_sour)___Powdery_mildew,19,4.0
Cherry_(including_sour)___Powdery_mildew,20,4.0
Cherry_(including_sour)___Powdery_mildew,21,4.0
Cherry_(including_sour)___Powdery_mildew,22,4.0
Cherry_(including_sour)___Powdery_mildew,23,4.0
Cherry_(including_sour)___Powdery_mildew,24,4.0
Cherry_(including_sour)___Powdery_mildew,25,4.0
Cherry_(including_sour)___Powdery_mildew,26,4.0
Cherry_(including_sour)___Powdery_mildew,27,4.0
Cherry_(including_sour)___Powdery_mildew,28,4.0
Cherry_(including_sour)___Powdery_mildew,29,4.0
Cherry_(including_sour)___Powdery_mildew,30,4.0
Cherry_(including_sour)___Powdery_mildew,31,4.0
Cherry_(including_sour)___Powdery_mildew,32,4.0
Cherry_(including_sour)___Powdery_mildew,33,4.0
Cherry_(including_sour)___Powdery_mildew,34,4.0
Cherry_(including_sour)___Powdery_mildew,35,4.0
Cherry_(including_sour)___Powdery_mildew,36,4.0
Cherry_(including_sour)___Powdery_mildew,37,4.0
Cherry_(including_sour)___Powdery_mildew,38,4.0
Cherry_(including_sour)___Powdery_mildew,39,4.0
Cherry_(including_sour)___Powdery_mildew,40,4.0
Cherry_(including_sour)___Powdery_mildew,41,4.0
Cherry_(including_sour)___Powdery_mildew,42,4.0
Cherry_(including_sour)___Powdery_mildew,43,4.0
Cherry_(including_sour)___Powdery_mildew,44,4.0
Cherry_(including_sour)___Powdery_mildew,45,4.0
Cherry_(including_sour)___Powdery_mildew,46,4.0
Cherry_(including_sour)___Powdery_mildew,47,4.0
Cherry_(including_sour)___Powdery_mildew,48,4.0
Cherry_(including_sour)___Powdery_mildew,49,4.0
Cherry_(including_sour)___Powdery_mildew,50,4.0
Cherry_(including_sour)___Powdery_mildew,51,4.0
Cherry_(including_sour)___Powdery_mildew,52,4.0
Cherry_(including_sour)___healthy,1,0.0
Cherry_(including_sour)___healthy,2,0.0
Cherry_(including_sour)___healthy,3,0.0
Cherry_(including_sour)___healthy,4,0.0
Cherry_(including_sour)___healthy,5,0.0
Cherry_(including_sour)___healthy,6,0.0
Cherry_(including_sour)___healthy,7,0.0
Cherry_(including_sour)___healthy,8,0.0
Cherry_(including_sour)___healthy,9,0.0
Cherry_(including_sour)___healthy,10,0.0
Cherry_(including_sour)___healthy,11,0.0
Cherry_(including_sour)___healthy,12,0.0
Cherry_(including_sour)___healthy,13,0.0
Cherry_(including_sour)___healthy,14,0.0
Cherry_(including_sour)___healthy,15,0.0
Cherry_(including_sour)___healthy,16,0.0
Cherry_(including_sour)___healthy,17,0.0
Cherry_(including_sour)___healthy,18,0.0
Cherry_(including_sour)___healthy,19,0.0
Cherry_(including_sour)___healthy,20,0.0
Cherry_(including_sour)___healthy,21,0.0
Cherry_(including_sour)___healthy,22,0.0
Cherry_(including_sour)___healthy,23,0.0
Cherry_(including_sour)___healthy,24,0.0
Cherry_(including_sour)___healthy,25,0.0
Cherry_(including_sour)___healthy,26,0.0
Cherry_(including_sour)___healthy,27,0.0
Cherry_(including_sour)___healthy,28,0.0
Cherry_(including_sour)___healthy,29,0.0
Cherry_(including_sour)___healthy,30,0.0
Cherry_(including_sour)___healthy,31,0.0
Cherry_(including_sour)___healthy,32,0.0
Cherry_(including_sour)___healthy,33,0.0
Cherry_(including_sour)___healthy,34,0.0
Cherry_(including_sour)___healthy,35,0.0
Cherry_(including_sour)___healthy,36,0.0
Cherry_(including_sour)___healthy,37,0.0
Cherry_(including_sour)___healthy,38,0.0
Cherry_(including_sour)___healthy,39,0.0
Cherry_(including_sour)___healthy,40,0.0
Cherry_(including_sour)___healthy,41,0.0
Cherry_(including_sour)___healthy,42,0.0
Cherry_(including_sour)___healthy,43,0.0
Cherry_(including_sour)___healthy,44,0.0
Cherry_(including_sour)___healthy,45,0.0
Cherry_(including_sour)___healthy,46,0.0
Cherry_(including_sour)___healthy,47,0.0
Cherry_(including_sour)___healthy,48,0.0
Cherry_(including_sour)___healthy,49,0.0
Cherry_(including_sour)___healthy,50,0.0
Cherry_(including_sour)___healthy,51,0.0
Cherry_(including_sour)___healthy,52,0.0
Corn_(maize)___Cercospora_leaf_spot Gray_leaf_spot,1,0.5
Corn_(maize)___Cercospora_leaf_spot Gray_leaf_spot,2,1.0
Corn_(maize)___Cercospora_leaf_spot Gray_leaf_spot,3,1.5
Corn_(maize)___Cercospora_leaf_spot Gray_leaf_spot,4,2.0
Corn_(maize)___Cercospora_leaf_spot Gray_leaf_spot,5,2.0
Corn_(maize)___Cercospora_leaf_spot Gray_leaf_spot,6,3.0
Corn_(maize)___Cercospora_leaf_spot Gray_leaf_spot,7,4.0
Corn_(maize)___Cercospora_leaf_spot Gray_leaf_spot,8,4.0
Corn_(maize)___Cercospora_leaf_spot Gray_leaf_spot,9,4.0
Corn_(maize)___Cercospora_leaf_spot Gray_leaf_spot,10,4.0
Corn_(maize)___Cercospora_leaf_spot Gray_leaf_spot,11,4.0
Corn_(maize)___Cercospora_leaf_spot Gray_leaf_spot,12,4.0
Corn_(maize)___Cercospora_leaf_spot Gray_leaf_spot,13,4.0
Corn_(maize)___Cercospora_leaf_spot Gray_leaf_spot,14,4.0
Corn_(maize)___Cercospora_leaf_spot Gray_leaf_spot,15,4.0
Corn_(maize)___Cercospora_leaf_spot Gray_leaf_spot,16,4.0
Corn_(maize)___Cercospora_leaf_spot Gray_leaf_spot,17,4.0
Corn_(maize)___Cercospora_leaf_spot Gray_leaf_spot,18,4.0
Corn_(maize)___Cercospora_leaf_spot Gray_leaf_spot,19,4.0
Corn_(maize)___Cercospora_leaf_spot Gray_leaf_spot,20,4.0
Corn_(maize)___Cercospora_leaf_spot Gray_leaf_spot,21,4.0
Corn_(maize)___Cercospora_leaf_spot Gray_leaf_spot,22,4.0
Corn_(maize)___Cercospora_leaf_spot Gray_leaf_spot,23,4.0
Corn_(maize)___Cercospora_leaf_spot Gray_leaf_spot,24,4.0
Corn_(maize)___Cercospora_leaf_spot Gray_leaf_spot,25,4.0
Corn_(maize)___Cercospora_leaf_spot Gray_leaf_spot,26,4.0
Corn_(maize)___Cercospora_leaf_spot Gray_leaf_spot,27,4.0
Corn_(maize)___Cercospora_leaf_spot Gray_leaf_spot,28,4.0
Corn_(maize)___Cercospora_leaf_spot Gray_leaf_spot,29,4.0
Corn_(maize)___Cercospora_leaf_spot Gray_leaf_spot,30,4.0
Corn_(maize)___Cercospora_leaf_spot Gray_leaf_spot,31,4.0
Corn_(maize)___Cercospora_leaf_spot Gray_leaf_spot,32,4.0
Corn_(maize)___Cercospora_leaf_spot Gray_leaf_spot,33,4.0
Corn_(maize)___Cercospora_leaf_spot Gray_leaf_spot,34,4.0
Corn_(maize)___Cercospora_leaf_spot Gray_leaf_spot,35,4.0
Corn_(maize)___Cercospora_leaf_spot Gray_leaf_spot,36,4.0
Corn_(maize)___Cercospora_leaf_spot Gray_leaf_spot,37,4.0
Corn_(maize)___Cercospora_leaf_spot Gray_leaf_spot,38,4.0
Corn_(maize)___Cercospora_leaf_spot Gray_leaf_spot,39,4.0
Corn_(maize)___Cercospora_leaf_spot Gray_leaf_spot,40,4.0
Corn_(maize)___Cercospora_leaf_spot Gray_leaf_spot,41,4.0
Corn_(maize)___Cercospora_leaf_spot Gray_leaf_spot,42,4.0
Corn_(maize)___Cercospora_leaf_spot Gray_leaf_spot,43,4.0
Corn_(maize)___Cercospora_leaf_spot Gray_leaf_spot,44,4.0
Corn_(maize)___Cercospora_leaf_spot Gray_leaf_spot,45,4.0
Corn_(maize)___Cercospora_leaf_spot Gray_leaf_spot,46,4.0
Corn_(maize)___Cercospora_leaf_spot Gray_leaf_spot,47,4.0
Corn_(maize)___Cercospora_leaf_spot Gray_leaf_spot,48,4.0
Corn_(maize)___Cercospora_leaf_spot Gray_leaf_spot,49,4.0
Corn_(maize)___Cercospora_leaf_spot Gray_leaf_spot,50,4.0
Corn_(maize)___Cercospora_leaf_spot Gray_leaf_spot,51,4.0
Corn_(maize)___Cercospora_leaf_spot Gray_leaf_spot,52,4.0
Corn_(maize)___Common_rust_,1,0.0
Corn_(maize)___Common_rust_,2,0.5
Corn_(maize)___Common_rust_,3,1.0
Corn_(maize)___Common_rust_,4,2.0
Corn_(maize)___Common_rust_,5,2.5
Corn_(maize)___Common_rust_,6,2.5
Corn_(maize)___Common_rust_,7,3.5
Corn_(maize)___Common_rust_,8,4.0
Corn_(maize)___Common_rust_,9,4.0
Corn_(maize)___Common_rust_,10,4.0
Corn_(maize)___Common_rust_,11,4.0
Corn_(maize)___Common_rust_,12,4.0
Corn_(maize)___Common_rust_,13,4.0
Corn_(maize)___Common_rust_,14,4.0
Corn_(maize)___Common_rust_,15,4.0
Corn_(maize)___Common_rust_,16,4.0
Corn_(maize)___Common_rust_,17,4.0
Corn_(maize)___Common_rust_,18,4.0
Corn_(maize)___Common_rust_,19,4.0
Corn_(maize)___Common_rust_,20,4.0
Corn_(maize)___Common_rust_,21,4.0
Corn_(maize)___Common_rust_,22,4.0
Corn_(maize)___Common_rust_,23,4.0
Corn_(maize)___Common_rust_,24,4.0
Corn_(maize)___Common_rust_,25,4.0
Corn_(maize)___Common_rust_,26,4.0
Corn_(maize)___Common_rust_,27,4.0
Corn_(maize)___Common_rust_,28,4.0
Corn_(maize)___Common_rust_,29,4.0
Corn_(maize)___Common_rust_,30,4.0
Corn_(maize)___Common_rust_,31,4.0
Corn_(maize)___Common_rust_,32,4.0
Corn_(maize)___Common_rust_,33,4.0
Corn_(maize)___Common_rust_,34,4.0
Corn_(maize)___Common_rust_,35,4.0
Corn_(maize)___Common_rust_,36,4.0
Corn_(maize)___Common_rust_,37,4.0
Corn_(maize)___Common_rust_,38,4.0
Corn_(maize)___Common_rust_,39,4.0
Corn_(maize)___Common_rust_,40,4.0
Corn_(maize)___Common_rust_,41,4.0
Corn_(maize)___Common_rust_,42,4.0
Corn_(maize)___Common_rust_,43,4.0
Corn_(maize)___Common_rust_,44,4.0
Corn_(maize)___Common_rust_,45,4.0
Corn_(maize)___Common_rust_,46,4.0
Corn_(maize)___Common_rust_,47,4.0
Corn_(maize)___Common_rust_,48,4.0
Corn_(maize)___Common_rust_,49,4.0
Corn_(maize)___Common_rust_,50,4.0
Corn_(maize)___Common_rust_,51,4.0
Corn_(maize)___Common_rust_,52,4.0
Corn_(maize)___Northern_Leaf_Blight,1,0.5
Corn_(maize)___Northern_Leaf_Blight,2,0.5
Corn_(maize)___Northern_Leaf_Blight,3,0.5
Corn_(maize)___Northern_Leaf_Blight,4,1.5
Corn_(maize)___Northern_Leaf_Blight,5,2.0
Corn_(maize)___Northern_Leaf_Blight,6,2.0
Corn_(maize)___Northern_Leaf_Blight,7,3.0
Corn_(maize)___Northern_Leaf_Blight,8,4.0
Corn_(maize)___Northern_Leaf_Blight,9,4.0
Corn_(maize)___Northern_Leaf_Blight,10,4.0
Corn_(maize)___Northern_Leaf_Blight,11,4.0
Corn_(maize)___Northern_Leaf_Blight,12,4.0
Corn_(maize)___Northern_Leaf_Blight,13,4.0
Corn_(maize)___Northern_Leaf_Blight,14,4.0
Corn_(maize)___Northern_Leaf_Blight,15,4.0
Corn_(maize)___Northern_Leaf_Blight,16,4.0
Corn_(maize)___Northern_Leaf_Blight,17,4.0
Corn_(maize)___Northern_Leaf_Blight,18,4.0
Corn_(maize)___Northern_Leaf_Blight,19,4.0
Corn_(maize)___Northern_Leaf_Blight,20,4.0
Corn_(maize)___Northern_Leaf_Blight,21,4.0
Corn_(maize)___Northern_Leaf_Blight,22,4.0
Corn_(maize)___Northern_Leaf_Blight,23,4.0
Corn_(maize)___Northern_Leaf_Blight,24,4.0
Corn_(maize)___Northern_Leaf_Blight,25,4.0
Corn_(maize)___Northern_Leaf_Blight,26,4.0
Corn_(maize)___Northern_Leaf_Blight,27,4.0
Corn_(maize)___Northern_Leaf_Blight,28,4.0
Corn_(maize)___Northern_Leaf_Blight,29,4.0
Corn_(maize)___Northern_Leaf_Blight,30,4.0
Corn_(maize)___Northern_Leaf_Blight,31,4.0
Corn_(maize)___Northern_Leaf_Blight,32,4.0
Corn_(maize)___Northern_Leaf_Blight,33,4.0
Corn_(maize)___Northern_Leaf_Blight,34,4.0
Corn_(maize)___Northern_Leaf_Blight,35,4.0
Corn_(maize)___Northern_Leaf_Blight,36,4.0
Corn_(maize)___Northern_Leaf_Blight,37,4.0
Corn_(maize)___Northern_Leaf_Blight,38,4.0
Corn_(maize)___Northern_Leaf_Blight,39,4.0
Corn_(maize)___Northern_Leaf_Blight,40,4.0
Corn_(maize)___Northern_Leaf_Blight,41,4.0
Corn_(maize)___Northern_Leaf_Blight,42,4.0
Corn_(maize)___Northern_Leaf_Blight,43,4.0
Corn_(maize)___Northern_Leaf_Blight,44,4.0
Corn_(maize)___Northern_Leaf_Blight,45,4.0
Corn_(maize)___Northern_Leaf_Blight,46,4.0
Corn_(maize)___Northern_Leaf_Blight,47,4.0
Corn_(maize)___Northern_Leaf_Blight,48,4.0
Corn_(maize)___Northern_Leaf_Blight,49,4.0
Corn_(maize)___Northern_Leaf_Blight,50,4.0
Corn_(maize)___Northern_Leaf_Blight,51,4.0
Corn_(maize)___Northern_Leaf_Blight,52,4.0
Corn_(maize)___healthy,1,0.0
Corn_(maize)___healthy,2,0.0
Corn_(maize)___healthy,3,0.0
Corn_(maize)___healthy,4,0.0
Corn_(maize)___healthy,5,0.0
Corn_(maize)___healthy,6,0.0
Corn_(maize)___healthy,7,0.0
Corn_(maize)___healthy,8,0.0
Corn_(maize)___healthy,9,0.0
Corn_(maize)___healthy,10,0.0
Corn_(maize)___healthy,11,0.0
Corn_(maize)___healthy,12,0.0
Corn_(maize)___healthy,13,0.0
Corn_(maize)___healthy,14,0.0
Corn_(maize)___healthy,15,0.0
Corn_(maize)___healthy,16,0.0
Corn_(maize)___healthy,17,0.0
Corn_(maize)___healthy,18,0.0
Corn_(maize)___healthy,19,0.0
Corn_(maize)___healthy,20,0.0
Corn_(maize)___healthy,21,0.0
Corn_(maize)___healthy,22,0.0
Corn_(maize)___healthy,23,0.0
Corn_(maize)___healthy,24,0.0
Corn_(maize)___healthy,25,0.0
Corn_(maize)___healthy,26,0.0
Corn_(maize)___healthy,27,0.0
Corn_(maize)___healthy,28,0.0
Corn_(maize)___healthy,29,0.0
Corn_(maize)___healthy,30,0.0
Corn_(maize)___healthy,31,0.0
Corn_(maize)___healthy,32,0.0
Corn_(maize)___healthy,33,0.0
Corn_(maize)___healthy,34,0.0
Corn_(maize)___healthy,35,0.0
Corn_(maize)___healthy,36,0.0
Corn_(maize)___healthy,37,0.0
Corn_(maize)___healthy,38,0.0
Corn_(maize)___healthy,39,0.0
Corn_(maize)___healthy,40,0.0
Corn_(maize)___healthy,41,0.0
Corn_(maize)___healthy,42,0.0
Corn_(maize)___healthy,43,0.0
Corn_(maize)___healthy,44,0.0
Corn_(maize)___healthy,45,0.0
Corn_(maize)___healthy,46,0.0
Corn_(maize)___healthy,47,0.0
Corn_(maize)___healthy,48,0.0
Corn_(maize)___healthy,49,0.0
Corn_(maize)___healthy,50,0.0
Corn_(maize)___healthy,51,0.0
Corn_(maize)___healthy,52,0.0
Grape___Black_rot,1,1.0
Grape___Black_rot,2,1.5
Grape___Black_rot,3,2.5
Grape___Black_rot,4,3.0
Grape___Black_rot,5,3.5
Grape___Black_rot,6,3.5
Grape___Black_rot,7,3.5
Grape___Black_rot,8,4.0
Grape___Black_rot,9,4.0
Grape___Black_rot,10,4.0
Grape___Black_rot,11,4.0
Grape___Black_rot,12,4.0
Grape___Black_rot,13,4.0
Grape___Black_rot,14,4.0
Grape___Black_rot,15,4.0
Grape___Black_rot,16,4.0
Grape___Black_rot,17,4.0
Grape___Black_rot,18,4.0
Grape___Black_rot,19,4.0
Grape___Black_rot,20,4.0
Grape___Black_rot,21,4.0
Grape___Black_rot,22,4.0
Grape___Black_rot,23,4.0
Grape___Black_rot,24,4.0
Grape___Black_rot,25,4.0
Grape___Black_rot,26,4.0
Grape___Black_rot,27,4.0
Grape___Black_rot,28,4.0
Grape___Black_rot,29,4.0
Grape___Black_rot,30,4.0
Grape___Black_rot,31,4.0
Grape___Black_rot,32,4.0
Grape___Black_rot,33,4.0
Grape___Black_rot,34,4.0
Grape___Black_rot,35,4.0
Grape___Black_rot,36,4.0
Grape___Black_rot,37,4.0
Grape___Black_rot,38,4.0
Grape___Black_rot,39,4.0
Grape___Black_rot,40,4.0
Grape___Black_rot,41,4.0
Grape___Black_rot,42,4.0
Grape___Black_rot,43,4.0
Grape___Black_rot,44,4.0
Grape___Black_rot,45,4.0
Grape___Black_rot,46,4.0
Grape___Black_rot,47,4.0
Grape___Black_rot,48,4.0
Grape___Black_rot,49,4.0
Grape___Black_rot,50,4.0
Grape___Black_rot,51,4.0
Grape___Black_rot,52,4.0
Grape___Esca_(Black_Measles),1,0.5
Grape___Esca_(Black_Measles),2,1.0
Grape___Esca_(Black_Measles),3,2.0
Grape___Esca_(Black_Measles),4,2.5
Grape___Esca_(Black_Measles),5,3.0
Grape___Esca_(Black_Measles),6,3.0
Grape___Esca_(Black_Measles),7,3.5
Grape___Esca_(Black_Measles),8,4.0
Grape___Esca_(Black_Measles),9,4.0
Grape___Esca_(Black_Measles),10,4.0
Grape___Esca_(Black_Measles),11,4.0
Grape___Esca_(Black_Measles),12,4.0
Grape___Esca_(Black_Measles),13,4.0
Grape___Esca_(Black_Measles),14,4.0
Grape___Esca_(Black_Measles),15,4.0
Grape___Esca_(Black_Measles),16,4.0
Grape___Esca_(Black_Measles),17,4.0
Grape___Esca_(Black_Measles),18,4.0
Grape___Esca_(Black_Measles),19,4.0
Grape___Esca_(Black_Measles),20,4.0
Grape___Esca_(Black_Measles),21,4.0
Grape___Esca_(Black_Measles),22,4.0
Grape___Esca_(Black_Measles),23,4.0
Grape___Esca_(Black_Measles),24,4.0
Grape___Esca_(Black_Measles),25,4.0
Grape___Esca_(Black_Measles),26,4.0
Grape___Esca_(Black_Measles),27,4.0
Grape___Esca_(Black_Measles),28,4.0
Grape___Esca_(Black_Measles),29,4.0
Grape___Esca_(Black_Measles),30,4.0
Grape___Esca_(Black_Measles),31,4.0
Grape___Esca_(Black_Measles),32,4.0
Grape___Esca_(Black_Measles),33,4.0
Grape___Esca_(Black_Measles),34,4.0
Grape___Esca_(Black_Measles),35,4.0
Grape___Esca_(Black_Measles),36,4.0
Grape___Esca_(Black_Measles),37,4.0
Grape___Esca_(Black_Measles),38,4.0
Grape___Esca_(Black_Measles),39,4.0
Grape___Esca_(Black_Measles),40,4.0
Grape___Esca_(Black_Measles),41,4.0
Grape___Esca_(Black_Measles),42,4.0
Grape___Esca_(Black_Measles),43,4.0
Grape___Esca_(Black_Measles),44,4.0
Grape___Esca_(Black_Measles),45,4.0
Grape___Esca_(Black_Measles),46,4.0
Grape___Esca_(Black_Measles),47,4.0
Grape___Esca_(Black_Measles),48,4.0
Grape___Esca_(Black_Measles),49,4.0
Grape___Esca_(Black_Measles),50,4.0
Grape___Esca_(Black_Measles),51,4.0
Grape___Esca_(Black_Measles),52,4.0
Grape___Leaf_blight_(Isariopsis_Leaf_Spot),1,0.0
Grape___Leaf_blight_(Isariopsis_Leaf_Spot),2,0.5
Grape___Leaf_blight_(Isariopsis_Leaf_Spot),3,0.5
Grape___Leaf_blight_(Isariopsis_Leaf_Spot),4,1.0
Grape___Leaf_blight_(Isariopsis_Leaf_Spot),5,1.5
Grape___Leaf_blight_(Isariopsis_Leaf_Spot),6,2.0
Grape___Leaf_blight_(Isariopsis_Leaf_Spot),7,2.5
Grape___Leaf_blight_(Isariopsis_Leaf_Spot),8,2.5
Grape___Leaf_blight_(Isariopsis_Leaf_Spot),9,3.5
Grape___Leaf_blight_(Isariopsis_Leaf_Spot),10,4.0
Grape___Leaf_blight_(Isariopsis_Leaf_Spot),11,4.0
Grape___Leaf_blight_(Isariopsis_Leaf_Spot),12,4.0
Grape___Leaf_blight_(Isariopsis_Leaf_Spot),13,4.0
Grape___Leaf_blight_(Isariopsis_Leaf_Spot),14,4.0
Grape___Leaf_blight_(Isariopsis_Leaf_Spot),15,4.0
Grape___Leaf_blight_(Isariopsis_Leaf_Spot),16,4.0
Grape___Leaf_blight_(Isariopsis_Leaf_Spot),17,4.0
Grape___Leaf_blight_(Isariopsis_Leaf_Spot),18,4.0
Grape___Leaf_blight_(Isariopsis_Leaf_Spot),19,4.0
Grape___Leaf_blight_(Isariopsis_Leaf_Spot),20,4.0
Grape___Leaf_blight_(Isariopsis_Leaf_Spot),21,4.0
Grape___Leaf_blight_(Isariopsis_Leaf_Spot),22,4.0
Grape___Leaf_blight_(Isariopsis_Leaf_Spot),23,4.0
Grape___Leaf_blight_(Isariopsis_Leaf_Spot),24,4.0
Grape___Leaf_blight_(Isariopsis_Leaf_Spot),25,4.0
Grape___Leaf_blight_(Isariopsis_Leaf_Spot),26,4.0
Grape___Leaf_blight_(Isariopsis_Leaf_Spot),27,4.0
Grape___Leaf_blight_(Isariopsis_Leaf_Spot),28,4.0
Grape___Leaf_blight_(Isariopsis_Leaf_Spot),29,4.0
Grape___Leaf_blight_(Isariopsis_Leaf_Spot),30,4.0
Grape___Leaf_blight_(Isariopsis_Leaf_Spot),31,4.0
Grape___Leaf_blight_(Isariopsis_Leaf_Spot),32,4.0
Grape___Leaf_blight_(Isariopsis_Leaf_Spot),33,4.0
Grape___Leaf_blight_(Isariopsis_Leaf_Spot),34,4.0
Grape___Leaf_blight_(Isariopsis_Leaf_Spot),35,4.0
Grape___Leaf_blight_(Isariopsis_Leaf_Spot),36,4.0
Grape___Leaf_blight_(Isariopsis_Leaf_Spot),37,4.0
Grape___Leaf_blight_(Isariopsis_Leaf_Spot),38,4.0
Grape___Leaf_blight_(Isariopsis_Leaf_Spot),39,4.0
Grape___Leaf_blight_(Isariopsis_Leaf_Spot),40,4.0
Grape___Leaf_blight_(Isariopsis_Leaf_Spot),41,4.0
Grape___Leaf_blight_(Isariopsis_Leaf_Spot),42,4.0
Grape___Leaf_blight_(Isariopsis_Leaf_Spot),43,4.0
Grape___Leaf_blight_(Isariopsis_Leaf_Spot),44,4.0
Grape___Leaf_blight_(Isariopsis_Leaf_Spot),45,4.0
Grape___Leaf_blight_(Isariopsis_Leaf_Spot),46,4.0
Grape___Leaf_blight_(Isariopsis_Leaf_Spot),47,4.0
Grape___Leaf_blight_(Isariopsis_Leaf_Spot),48,4.0
Grape___Leaf_blight_(Isariopsis_Leaf_Spot),49,4.0
Grape___Leaf_blight_(Isariopsis_Leaf_Spot),50,4.0
Grape___Leaf_blight_(Isariopsis_Leaf_Spot),51,4.0
Grape___Leaf_blight_(Isariopsis_Leaf_Spot),52,4.0
Grape___healthy,1,0.0
Grape___healthy,2,0.0
Grape___healthy,3,0.0
Grape___healthy,4,0.0
Grape___healthy,5,0.0
Grape___healthy,6,0.0
Grape___healthy,7,0.0
Grape___healthy,8,0.0
Grape___healthy,9,0.0
Grape___healthy,10,0.0
Grape___healthy,11,0.0
Grape___healthy,12,0.0
Grape___healthy,13,0.0
Grape___healthy,14,0.0
Grape___healthy,15,0.0
Grape___healthy,16,0.0
Grape___healthy,17,0.0
Grape___healthy,18,0.0
Grape___healthy,19,0.0
Grape___healthy,20,0.0
Grape___healthy,21,0.0
Grape___healthy,22,0.0
Grape___healthy,23,0.0
Grape___healthy,24,0.0
Grape___healthy,25,0.0
Grape___healthy,26,0.0
Grape___healthy,27,0.0
Grape___healthy,28,0.0
Grape___healthy,29,0.0
Grape___healthy,30,0.0
Grape___healthy,31,0.0
Grape___healthy,32,0.0
Grape___healthy,33,0.0
Grape___healthy,34,0.0
Grape___healthy,35,0.0
Grape___healthy,36,0.0
Grape___healthy,37,0.0
Grape___healthy,38,0.0
Grape___healthy,39,0.0
Grape___healthy,40,0.0
Grape___healthy,41,0.0
Grape___healthy,42,0.0
Grape___healthy,43,0.0
Grape___healthy,44,0.0
Grape___healthy,45,0.0
Grape___healthy,46,0.0
Grape___healthy,47,0.0
Grape___healthy,48,0.0
Grape___healthy,49,0.0
Grape___healthy,50,0.0
Grape___healthy,51,0.0
Grape___healthy,52,0.0
Orange___Haunglongbing_(Citrus_greening),1,1.0
Orange___Haunglongbing_(Citrus_greening),2,2.0
Orange___Haunglongbing_(Citrus_greening),3,2.0
Orange___Haunglongbing_(Citrus_greening),4,3.0
Orange___Haunglongbing_(Citrus_greening),5,3.5
Orange___Haunglongbing_(Citrus_greening),6,4.0
Orange___Haunglongbing_(Citrus_greening),7,4.0
Orange___Haunglongbing_(Citrus_greening),8,4.0
Orange___Haunglongbing_(Citrus_greening),9,4.0
Orange___Haunglongbing_(Citrus_greening),10,4.0
Orange___Haunglongbing_(Citrus_greening),11,4.0
Orange___Haunglongbing_(Citrus_greening),12,4.0
Orange___Haunglongbing_(Citrus_greening),13,4.0
Orange___Haunglongbing_(Citrus_greening),14,4.0
Orange___Haunglongbing_(Citrus_greening),15,4.0
Orange___Haunglongbing_(Citrus_greening),16,4.0
Orange___Haunglongbing_(Citrus_greening),17,4.0
Orange___Haunglongbing_(Citrus_greening),18,4.0
Orange___Haunglongbing_(Citrus_greening),19,4.0
Orange___Haunglongbing_(Citrus_greening),20,4.0
Orange___Haunglongbing_(Citrus_greening),21,4.0
Orange___Haunglongbing_(Citrus_greening),22,4.0
Orange___Haunglongbing_(Citrus_greening),23,4.0
Orange___Haunglongbing_(Citrus_greening),24,4.0
Orange___Haunglongbing_(Citrus_greening),25,4.0
Orange___Haunglongbing_(Citrus_greening),26,4.0
Orange___Haunglongbing_(Citrus_greening),27,4.0
Orange___Haunglongbing_(Citrus_greening),28,4.0
Orange___Haunglongbing_(Citrus_greening),29,4.0
Orange___Haunglongbing_(Citrus_greening),30,4.0
Orange___Haunglongbing_(Citrus_greening),31,4.0
Orange___Haunglongbing_(Citrus_greening),32,4.0
Orange___Haunglongbing_(Citrus_greening),33,4.0
Orange___Haunglongbing_(Citrus_greening),34,4.0
Orange___Haunglongbing_(Citrus_greening),35,4.0
Orange___Haunglongbing_(Citrus_greening),36,4.0
Orange___Haunglongbing_(Citrus_greening),37,4.0
Orange___Haunglongbing_(Citrus_greening),38,4.0
Orange___Haunglongbing_(Citrus_greening),39,4.0
Orange___Haunglongbing_(Citrus_greening),40,4.0
Orange___Haunglongbing_(Citrus_greening),41,4.0
Orange___Haunglongbing_(Citrus_greening),42,4.0
Orange___Haunglongbing_(Citrus_greening),43,4.0
Orange___Haunglongbing_(Citrus_greening),44,4.0
Orange___Haunglongbing_(Citrus_greening),45,4.0
Orange___Haunglongbing_(Citrus_greening),46,4.0
Orange___Haunglongbing_(Citrus_greening),47,4.0
Orange___Haunglongbing_(Citrus_greening),48,4.0
Orange___Haunglongbing_(Citrus_greening),49,4.0
Orange___Haunglongbing_(Citrus_greening),50,4.0
Orange___Haunglongbing_(Citrus_greening),51,4.0
Orange___Haunglongbing_(Citrus_greening),52,4.0
Peach___Bacterial_spot,1,0.0
Peach___Bacterial_spot,2,1.0
Peach___Bacterial_spot,3,1.0
Peach___Bacterial_spot,4,2.0
Peach___Bacterial_spot,5,3.0
Peach___Bacterial_spot,6,4.0
Peach___Bacterial_spot,7,4.0
Peach___Bacterial_spot,8,4.0
Peach___Bacterial_spot,9,4.0
Peach___Bacterial_spot,10,4.0
Peach___Bacterial_spot,11,4.0
Peach___Bacterial_spot,12,4.0
Peach___Bacterial_spot,13,4.0
Peach___Bacterial_spot,14,4.0
Peach___Bacterial_spot,15,4.0
Peach___Bacterial_spot,16,4.0
Peach___Bacterial_spot,17,4.0
Peach___Bacterial_spot,18,4.0
Peach___Bacterial_spot,19,4.0
Peach___Bacterial_spot,20,4.0
Peach___Bacterial_spot,21,4.0
Peach___Bacterial_spot,22,4.0
Peach___Bacterial_spot,23,4.0
Peach___Bacterial_spot,24,4.0
Peach___Bacterial_spot,25,4.0
Peach___Bacterial_spot,26,4.0
Peach___Bacterial_spot,27,4.0
Peach___Bacterial_spot,28,4.0
Peach___Bacterial_spot,29,4.0
Peach___Bacterial_spot,30,4.0
Peach___Bacterial_spot,31,4.0
Peach___Bacterial_spot,32,4.0
Peach___Bacterial_spot,33,4.0
Peach___Bacterial_spot,34,4.0
Peach___Bacterial_spot,35,4.0
Peach___Bacterial_spot,36,4.0
Peach___Bacterial_spot,37,4.0
Peach___Bacterial_spot,38,4.0
Peach___Bacterial_spot,39,4.0
Peach___Bacterial_spot,40,4.0
Peach___Bacterial_spot,41,4.0
Peach___Bacterial_spot,42,4.0
Peach___Bacterial_spot,43,4.0
Peach___Bacterial_spot,44,4.0
Peach___Bacterial_spot,45,4.0
Peach___Bacterial_spot,46,4.0
Peach___Bacterial_spot,47,4.0
Peach___Bacterial_spot,48,4.0
Peach___Bacterial_spot,49,4.0
Peach___Bacterial_spot,50,4.0
Peach___Bacterial_spot,51,4.0
Peach___Bacterial_spot,52,4.0
Peach___healthy,1,0.0
Peach___healthy,2,0.0
Peach___healthy,3,0.0
Peach___healthy,4,0.0
Peach___healthy,5,0.0
Peach___healthy,6,0.0
Peach___healthy,7,0.0
Peach___healthy,8,0.0
Peach___healthy,9,0.0
Peach___healthy,10,0.0
Peach___healthy,11,0.0
Peach___healthy,12,0.0
Peach___healthy,13,0.0
Peach___healthy,14,0.0
Peach___healthy,15,0.0
Peach___healthy,16,0.0
Peach___healthy,17,0.0
Peach___healthy,18,0.0
Peach___healthy,19,0.0
Peach___healthy,20,0.0
Peach___healthy,21,0.0
Peach___healthy,22,0.0
Peach___healthy,23,0.0
Peach___healthy,24,0.0
Peach___healthy,25,0.0
Peach___healthy,26,0.0
Peach___healthy,27,0.0
Peach___healthy,28,0.0
Peach___healthy,29,0.0
Peach___healthy,30,0.0
Peach___healthy,31,0.0
Peach___healthy,32,0.0
Peach___healthy,33,0.0
Peach___healthy,34,0.0
Peach___healthy,35,0.0
Peach___healthy,36,0.0
Peach___healthy,37,0.0
Peach___healthy,38,0.0
Peach___healthy,39,0.0
Peach___healthy,40,0.0
Peach___healthy,41,0.0
Peach___healthy,42,0.0
Peach___healthy,43,0.0
Peach___healthy,44,0.0
Peach___healthy,45,0.0
Peach___healthy,46,0.0
Peach___healthy,47,0.0
Peach___healthy,48,0.0
Peach___healthy,49,0.0
Peach___healthy,50,0.0
Peach___healthy,51,0.0
Peach___healthy,52,0.0
"Pepper,_bell___Bacterial_spot",1,1.0
"Pepper,_bell___Bacterial_spot",2,1.0
"Pepper,_bell___Bacterial_spot",3,1.5
"Pepper,_bell___Bacterial_spot",4,1.5
"Pepper,_bell___Bacterial_spot",5,2.0
"Pepper,_bell___Bacterial_spot",6,2.0
"Pepper,_bell___Bacterial_spot",7,3.0
"Pepper,_bell___Bacterial_spot",8,3.5
"Pepper,_bell___Bacterial_spot",9,4.0
"Pepper,_bell___Bacterial_spot",10,4.0
"Pepper,_bell___Bacterial_spot",11,4.0
"Pepper,_bell___Bacterial_spot",12,4.0
"Pepper,_bell___Bacterial_spot",13,4.0
"Pepper,_bell___Bacterial_spot",14,4.0
"Pepper,_bell___Bacterial_spot",15,4.0
"Pepper,_bell___Bacterial_spot",16,4.0
"Pepper,_bell___Bacterial_spot",17,4.0
"Pepper,_bell___Bacterial_spot",18,4.0
"Pepper,_bell___Bacterial_spot",19,4.0
"Pepper,_bell___Bacterial_spot",20,4.0
"Pepper,_bell___Bacterial_spot",21,4.0
"Pepper,_bell___Bacterial_spot",22,4.0
"Pepper,_bell___Bacterial_spot",23,4.0
"Pepper,_bell___Bacterial_spot",24,4.0
"Pepper,_bell___Bacterial_spot",25,4.0
"Pepper,_bell___Bacterial_spot",26,4.0
"Pepper,_bell___Bacterial_spot",27,4.0
"Pepper,_bell___Bacterial_spot",28,4.0
"Pepper,_bell___Bacterial_spot",29,4.0
"Pepper,_bell___Bacterial_spot",30,4.0
"Pepper,_bell___Bacterial_spot",31,4.0
"Pepper,_bell___Bacterial_spot",32,4.0
"Pepper,_bell___Bacterial_spot",33,4.0
"Pepper,_bell___Bacterial_spot",34,4.0
"Pepper,_bell___Bacterial_spot",35,4.0
"Pepper,_bell___Bacterial_spot",36,4.0
"Pepper,_bell___Bacterial_spot",37,4.0
"Pepper,_bell___Bacterial_spot",38,4.0
"Pepper,_bell___Bacterial_spot",39,4.0
"Pepper,_bell___Bacterial_spot",40,4.0
"Pepper,_bell___Bacterial_spot",41,4.0
"Pepper,_bell___Bacterial_spot",42,4.0
"Pepper,_bell___Bacterial_spot",43,4.0
"Pepper,_bell___Bacterial_spot",44,4.0
"Pepper,_bell___Bacterial_spot",45,4.0
"Pepper,_bell___Bacterial_spot",46,4.0
"Pepper,_bell___Bacterial_spot",47,4.0
"Pepper,_bell___Bacterial_spot",48,4.0
"Pepper,_bell___Bacterial_spot",49,4.0
"Pepper,_bell___Bacterial_spot",50,4.0
"Pepper,_bell___Bacterial_spot",51,4.0
"Pepper,_bell___Bacterial_spot",52,4.0
"Pepper,_bell___healthy",1,0.0
"Pepper,_bell___healthy",2,0.0
"Pepper,_bell___healthy",3,0.0
"Pepper,_bell___healthy",4,0.0
"Pepper,_bell___healthy",5,0.0
"Pepper,_bell___healthy",6,0.0
"Pepper,_bell___healthy",7,0.0
"Pepper,_bell___healthy",8,0.0
"Pepper,_bell___healthy",9,0.0
"Pepper,_bell___healthy",10,0.0
"Pepper,_bell___healthy",11,0.0
"Pepper,_bell___healthy",12,0.0
"Pepper,_bell___healthy",13,0.0
"Pepper,_bell___healthy",14,0.0
"Pepper,_bell___healthy",15,0.0
"Pepper,_bell___healthy",16,0.0
"Pepper,_bell___healthy",17,0.0
"Pepper,_bell___healthy",18,0.0
"Pepper,_bell___healthy",19,0.0
"Pepper,_bell___healthy",20,0.0
"Pepper,_bell___healthy",21,0.0
"Pepper,_bell___healthy",22,0.0
"Pepper,_bell___healthy",23,0.0
"Pepper,_bell___healthy",24,0.0
"Pepper,_bell___healthy",25,0.0
"Pepper,_bell___healthy",26,0.0
"Pepper,_bell___healthy",27,0.0
"Pepper,_bell___healthy",28,0.0
"Pepper,_bell___healthy",29,0.0
"Pepper,_bell___healthy",30,0.0
"Pepper,_bell___healthy",31,0.0
"Pepper,_bell___healthy",32,0.0
"Pepper,_bell___healthy",33,0.0
"Pepper,_bell___healthy",34,0.0
"Pepper,_bell___healthy",35,0.0
"Pepper,_bell___healthy",36,0.0
"Pepper,_bell___healthy",37,0.0
"Pepper,_bell___healthy",38,0.0
"Pepper,_bell___healthy",39,0.0
"Pepper,_bell___healthy",40,0.0
"Pepper,_bell___healthy",41,0.0
"Pepper,_bell___healthy",42,0.0
"Pepper,_bell___healthy",43,0.0
"Pepper,_bell___healthy",44,0.0
"Pepper,_bell___healthy",45,0.0
"Pepper,_bell___healthy",46,0.0
"Pepper,_bell___healthy",47,0.0
"Pepper,_bell___healthy",48,0.0
"Pepper,_bell___healthy",49,0.0
"Pepper,_bell___healthy",50,0.0
"Pepper,_bell___healthy",51,0.0
"Pepper,_bell___healthy",52,0.0
Potato___Early_blight,1,1.0
Potato___Early_blight,2,1.5
Potato___Early_blight,3,1.5
Potato___Early_blight,4,2.5
Potato___Early_blight,5,2.5
Potato___Early_blight,6,3.5
Potato___Early_blight,7,4.0
Potato___Early_blight,8,4.0
Potato___Early_blight,9,4.0
Potato___Early_blight,10,4.0
Potato___Early_blight,11,4.0
Potato___Early_blight,12,4.0
Potato___Early_blight,13,4.0
Potato___Early_blight,14,4.0
Potato___Early_blight,15,4.0
Potato___Early_blight,16,4.0
Potato___Early_blight,17,4.0
Potato___Early_blight,18,4.0
Potato___Early_blight,19,4.0
Potato___Early_blight,20,4.0
Potato___Early_blight,21,4.0
Potato___Early_blight,22,4.0
Potato___Early_blight,23,4.0
Potato___Early_blight,24,4.0
Potato___Early_blight,25,4.0
Potato___Early_blight,26,4.0
Potato___Early_blight,27,4.0
Potato___Early_blight,28,4.0
Potato___Early_blight,29,4.0
Potato___Early_blight,30,4.0
Potato___Early_blight,31,4.0
Potato___Early_blight,32,4.0
Potato___Early_blight,33,4.0
Potato___Early_blight,34,4.0
Potato___Early_blight,35,4.0
Potato___Early_blight,36,4.0
Potato___Early_blight,37,4.0
Potato___Early_blight,38,4.0
Potato___Early_blight,39,4.0
Potato___Early_blight,40,4.0
Potato___Early_blight,41,4.0
Potato___Early_blight,42,4.0
Potato___Early_blight,43,4.0
Potato___Early_blight,44,4.0
Potato___Early_blight,45,4.0
Potato___Early_blight,46,4.0
Potato___Early_blight,47,4.0
Potato___Early_blight,48,4.0
Potato___Early_blight,49,4.0
Potato___Early_blight,50,4.0
Potato___Early_blight,51,4.0
Potato___Early_blight,52,4.0
Potato___Late_blight,1,0.0
Potato___Late_blight,2,0.0
Potato___Late_blight,3,0.0
Potato___Late_blight,4,1.0
Potato___Late_blight,5,1.5
Potato___Late_blight,6,1.5
Potato___Late_blight,7,2.5
Potato___Late_blight,8,3.0
Potato___Late_blight,9,3.0
Potato___Late_blight,10,3.5
Potato___Late_blight,11,4.0
Potato___Late_blight,12,4.0
Potato___Late_blight,13,4.0
Potato___Late_blight,14,4.0
Potato___Late_blight,15,4.0
Potato___Late_blight,16,4.0
Potato___Late_blight,17,4.0
Potato___Late_blight,18,4.0
Potato___Late_blight,19,4.0
Potato___Late_blight,20,4.0
Potato___Late_blight,21,4.0
Potato___Late_blight,22,4.0
Potato___Late_blight,23,4.0
Potato___Late_blight,24,4.0
Potato___Late_blight,25,4.0
Potato___Late_blight,26,4.0
Potato___Late_blight,27,4.0
Potato___Late_blight,28,4.0
Potato___Late_blight,29,4.0
Potato___Late_blight,30,4.0
Potato___Late_blight,31,4.0
Potato___Late_blight,32,4.0
Potato___Late_blight,33,4.0
Potato___Late_blight,34,4.0
Potato___Late_blight,35,4.0
Potato___Late_blight,36,4.0
Potato___Late_blight,37,4.0
Potato___Late_blight,38,4.0
Potato___Late_blight,39,4.0
Potato___Late_blight,40,4.0
Potato___Late_blight,41,4.0
Potato___Late_blight,42,4.0
Potato___Late_blight,43,4.0
Potato___Late_blight,44,4.0
Potato___Late_blight,45,4.0
Potato___Late_blight,46,4.0
Potato___Late_blight,47,4.0
Potato___Late_blight,48,4.0
Potato___Late_blight,49,4.0
Potato___Late_blight,50,4.0
Potato___Late_blight,51,4.0
Potato___Late_blight,52,4.0
Potato___healthy,1,0.0
Potato___healthy,2,0.0
Potato___healthy,3,0.0
Potato___healthy,4,0.0
Potato___healthy,5,0.0
Potato___healthy,6,0.0
Potato___healthy,7,0.0
Potato___healthy,8,0.0
Potato___healthy,9,0.0
Potato___healthy,10,0.0
Potato___healthy,11,0.0
Potato___healthy,12,0.0
Potato___healthy,13,0.0
Potato___healthy,14,0.0
Potato___healthy,15,0.0
Potato___healthy,16,0.0
Potato___healthy,17,0.0
Potato___healthy,18,0.0
Potato___healthy,19,0.0
Potato___healthy,20,0.0
Potato___healthy,21,0.0
Potato___healthy,22,0.0
Potato___healthy,23,0.0
Potato___healthy,24,0.0
Potato___healthy,25,0.0
Potato___healthy,26,0.0
Potato___healthy,27,0.0
Potato___healthy,28,0.0
Potato___healthy,29,0.0
Potato___healthy,30,0.0
Potato___healthy,31,0.0
Potato___healthy,32,0.0
Potato___healthy,33,0.0
Potato___healthy,34,0.0
Potato___healthy,35,0.0
Potato___healthy,36,0.0
Potato___healthy,37,0.0
Potato___healthy,38,0.0
Potato___healthy,39,0.0
Potato___healthy,40,0.0
Potato___healthy,41,0.0
Potato___healthy,42,0.0
Potato___healthy,43,0.0
Potato___healthy,44,0.0
Potato___healthy,45,0.0
Potato___healthy,46,0.0
Potato___healthy,47,0.0
Potato___healthy,48,0.0
Potato___healthy,49,0.0
Potato___healthy,50,0.0
Potato___healthy,51,0.0
Potato___healthy,52,0.0
Raspberry___healthy,1,0.0
Raspberry___healthy,2,0.0
Raspberry___healthy,3,0.0
Raspberry___healthy,4,0.0
Raspberry___healthy,5,0.0
Raspberry___healthy,6,0.0
Raspberry___healthy,7,0.0
Raspberry___healthy,8,0.0
Raspberry___healthy,9,0.0
Raspberry___healthy,10,0.0
Raspberry___healthy,11,0.0
Raspberry___healthy,12,0.0
Raspberry___healthy,13,0.0
Raspberry___healthy,14,0.0
Raspberry___healthy,15,0.0
Raspberry___healthy,16,0.0
Raspberry___healthy,17,0.0
Raspberry___healthy,18,0.0
Raspberry___healthy,19,0.0
Raspberry___healthy,20,0.0
Raspberry___healthy,21,0.0
Raspberry___healthy,22,0.0
Raspberry___healthy,23,0.0
Raspberry___healthy,24,0.0
Raspberry___healthy,25,0.0
Raspberry___healthy,26,0.0
Raspberry___healthy,27,0.0
Raspberry___healthy,28,0.0
Raspberry___healthy,29,0.0
Raspberry___healthy,30,0.0
Raspberry___healthy,31,0.0
Raspberry___healthy,32,0.0
Raspberry___healthy,33,0.0
Raspberry___healthy,34,0.0
Raspberry___healthy,35,0.0
Raspberry___healthy,36,0.0
Raspberry___healthy,37,0.0
Raspberry___healthy,38,0.0
Raspberry___healthy,39,0.0
Raspberry___healthy,40,0.0
Raspberry___healthy,41,0.0
Raspberry___healthy,42,0.0
Raspberry___healthy,43,0.0
Raspberry___healthy,44,0.0
Raspberry___healthy,45,0.0
Raspberry___healthy,46,0.0
Raspberry___healthy,47,0.0
Raspberry___healthy,48,0.0
Raspberry___healthy,49,0.0
Raspberry___healthy,50,0.0
Raspberry___healthy,51,0.0
Raspberry___healthy,52,0.0
Soybean___healthy,1,0.0
Soybean___healthy,2,0.0
Soybean___healthy,3,0.0
Soybean___healthy,4,0.0
Soybean___healthy,5,0.0
Soybean___healthy,6,0.0
Soybean___healthy,7,0.0
Soybean___healthy,8,0.0
Soybean___healthy,9,0.0
Soybean___healthy,10,0.0
Soybean___healthy,11,0.0
Soybean___healthy,12,0.0
Soybean___healthy,13,0.0
Soybean___healthy,14,0.0
Soybean___healthy,15,0.0
Soybean___healthy,16,0.0
Soybean___healthy,17,0.0
Soybean___healthy,18,0.0
Soybean___healthy,19,0.0
Soybean___healthy,20,0.0
Soybean___healthy,21,0.0
Soybean___healthy,22,0.0
Soybean___healthy,23,0.0
Soybean___healthy,24,0.0
Soybean___healthy,25,0.0
Soybean___healthy,26,0.0
Soybean___healthy,27,0.0
Soybean___healthy,28,0.0
Soybean___healthy,29,0.0
Soybean___healthy,30,0.0
Soybean___healthy,31,0.0
Soybean___healthy,32,0.0
Soybean___healthy,33,0.0
Soybean___healthy,34,0.0
Soybean___healthy,35,0.0
Soybean___healthy,36,0.0
Soybean___healthy,37,0.0
Soybean___healthy,38,0.0
Soybean___healthy,39,0.0
Soybean___healthy,40,0.0
Soybean___healthy,41,0.0
Soybean___healthy,42,0.0
Soybean___healthy,43,0.0
Soybean___healthy,44,0.0
Soybean___healthy,45,0.0
Soybean___healthy,46,0.0
Soybean___healthy,47,0.0
Soybean___healthy,48,0.0
Soybean___healthy,49,0.0
Soybean___healthy,50,0.0
Soybean___healthy,51,0.0
Soybean___healthy,52,0.0
Squash___Powdery_mildew,1,0.0
Squash___Powdery_mildew,2,0.5
Squash___Powdery_mildew,3,1.5
Squash___Powdery_mildew,4,2.0
Squash___Powdery_mildew,5,2.5
Squash___Powdery_mildew,6,3.0
Squash___Powdery_mildew,7,3.5
Squash___Powdery_mildew,8,4.0
Squash___Powdery_mildew,9,4.0
Squash___Powdery_mildew,10,4.0
Squash___Powdery_mildew,11,4.0
Squash___Powdery_mildew,12,4.0
Squash___Powdery_mildew,13,4.0
Squash___Powdery_mildew,14,4.0
Squash___Powdery_mildew,15,4.0
Squash___Powdery_mildew,16,4.0
Squash___Powdery_mildew,17,4.0
Squash___Powdery_mildew,18,4.0
Squash___Powdery_mildew,19,4.0
Squash___Powdery_mildew,20,4.0
Squash___Powdery_mildew,21,4.0
Squash___Powdery_mildew,22,4.0
Squash___Powdery_mildew,23,4.0
Squash___Powdery_mildew,24,4.0
Squash___Powdery_mildew,25,4.0
Squash___Powdery_mildew,26,4.0
Squash___Powdery_mildew,27,4.0
Squash___Powdery_mildew,28,4.0
Squash___Powdery_mildew,29,4.0
Squash___Powdery_mildew,30,4.0
Squash___Powdery_mildew,31,4.0
Squash___Powdery_mildew,32,4.0
Squash___Powdery_mildew,33,4.0
Squash___Powdery_mildew,34,4.0
Squash___Powdery_mildew,35,4.0
Squash___Powdery_mildew,36,4.0
Squash___Powdery_mildew,37,4.0
Squash___Powdery_mildew,38,4.0
Squash___Powdery_mildew,39,4.0
Squash___Powdery_mildew,40,4.0
Squash___Powdery_mildew,41,4.0
Squash___Powdery_mildew,42,4.0
Squash___Powdery_mildew,43,4.0
Squash___Powdery_mildew,44,4.0
Squash___Powdery_mildew,45,4.0
Squash___Powdery_mildew,46,4.0
Squash___Powdery_mildew,47,4.0
Squash___Powdery_mildew,48,4.0
Squash___Powdery_mildew,49,4.0
Squash___Powdery_mildew,50,4.0
Squash___Powdery_mildew,51,4.0
Squash___Powdery_mildew,52,4.0
Strawberry___Leaf_scorch,1,0.5
Strawberry___Leaf_scorch,2,1.0
Strawberry___Leaf_scorch,3,1.5
Strawberry___Leaf_scorch,4,2.0
Strawberry___Leaf_scorch,5,3.0
Strawberry___Leaf_scorch,6,4.0
Strawberry___Leaf_scorch,7,4.0
Strawberry___Leaf_scorch,8,4.0
Strawberry___Leaf_scorch,9,4.0
Strawberry___Leaf_scorch,10,4.0
Strawberry___Leaf_scorch,11,4.0
Strawberry___Leaf_scorch,12,4.0
Strawberry___Leaf_scorch,13,4.0
Strawberry___Leaf_scorch,14,4.0
Strawberry___Leaf_scorch,15,4.0
Strawberry___Leaf_scorch,16,4.0
Strawberry___Leaf_scorch,17,4.0
Strawberry___Leaf_scorch,18,4.0
Strawberry___Leaf_scorch,19,4.0
Strawberry___Leaf_scorch,20,4.0
Strawberry___Leaf_scorch,21,4.0
Strawberry___Leaf_scorch,22,4.0
Strawberry___Leaf_scorch,23,4.0
Strawberry___Leaf_scorch,24,4.0
Strawberry___Leaf_scorch,25,4.0
Strawberry___Leaf_scorch,26,4.0
Strawberry___Leaf_scorch,27,4.0
Strawberry___Leaf_scorch,28,4.0
Strawberry___Leaf_scorch,29,4.0
Strawberry___Leaf_scorch,30,4.0
Strawberry___Leaf_scorch,31,4.0
Strawberry___Leaf_scorch,32,4.0
Strawberry___Leaf_scorch,33,4.0
Strawberry___Leaf_scorch,34,4.0
Strawberry___Leaf_scorch,35,4.0
Strawberry___Leaf_scorch,36,4.0
Strawberry___Leaf_scorch,37,4.0
Strawberry___Leaf_scorch,38,4.0
Strawberry___Leaf_scorch,39,4.0
Strawberry___Leaf_scorch,40,4.0
Strawberry___Leaf_scorch,41,4.0
Strawberry___Leaf_scorch,42,4.0
Strawberry___Leaf_scorch,43,4.0
Strawberry___Leaf_scorch,44,4.0
Strawberry___Leaf_scorch,45,4.0
Strawberry___Leaf_scorch,46,4.0
Strawberry___Leaf_scorch,47,4.0
Strawberry___Leaf_scorch,48,4.0
Strawberry___Leaf_scorch,49,4.0
Strawberry___Leaf_scorch,50,4.0
Strawberry___Leaf_scorch,51,4.0
Strawberry___Leaf_scorch,52,4.0
Strawberry___healthy,1,0.0
Strawberry___healthy,2,0.0
Strawberry___healthy,3,0.0
Strawberry___healthy,4,0.0
Strawberry___healthy,5,0.0
Strawberry___healthy,6,0.0
Strawberry___healthy,7,0.0
Strawberry___healthy,8,0.0
Strawberry___healthy,9,0.0
Strawberry___healthy,10,0.0
Strawberry___healthy,11,0.0
Strawberry___healthy,12,0.0
Strawberry___healthy,13,0.0
Strawberry___healthy,14,0.0
Strawberry___healthy,15,0.0
Strawberry___healthy,16,0.0
Strawberry___healthy,17,0.0
Strawberry___healthy,18,0.0
Strawberry___healthy,19,0.0
Strawberry___healthy,20,0.0
Strawberry___healthy,21,0.0
Strawberry___healthy,22,0.0
Strawberry___healthy,23,0.0
Strawberry___healthy,24,0.0
Strawberry___healthy,25,0.0
Strawberry___healthy,26,0.0
Strawberry___healthy,27,0.0
Strawberry___healthy,28,0.0
Strawberry___healthy,29,0.0
Strawberry___healthy,30,0.0
Strawberry___healthy,31,0.0
Strawberry___healthy,32,0.0
Strawberry___healthy,33,0.0
Strawberry___healthy,34,0.0
Strawberry___healthy,35,0.0
Strawberry___healthy,36,0.0
Strawberry___healthy,37,0.0
Strawberry___healthy,38,0.0
Strawberry___healthy,39,0.0
Strawberry___healthy,40,0.0
Strawberry___healthy,41,0.0
Strawberry___healthy,42,0.0
Strawberry___healthy,43,0.0
Strawberry___healthy,44,0.0
Strawberry___healthy,45,0.0
Strawberry___healthy,46,0.0
Strawberry___healthy,47,0.0
Strawberry___healthy,48,0.0
Strawberry___healthy,49,0.0
Strawberry___healthy,50,0.0
Strawberry___healthy,51,0.0
Strawberry___healthy,52,0.0
Tomato___Bacterial_spot,1,0.0
Tomato___Bacterial_spot,2,0.5
Tomato___Bacterial_spot,3,0.5
Tomato___Bacterial_spot,4,1.0
Tomato___Bacterial_spot,5,1.0
Tomato___Bacterial_spot,6,1.5
Tomato___Bacterial_spot,7,2.5
Tomato___Bacterial_spot,8,2.5
Tomato___Bacterial_spot,9,3.5
Tomato___Bacterial_spot,10,4.0
Tomato___Bacterial_spot,11,4.0
Tomato___Bacterial_spot,12,4.0
Tomato___Bacterial_spot,13,4.0
Tomato___Bacterial_spot,14,4.0
Tomato___Bacterial_spot,15,4.0
Tomato___Bacterial_spot,16,4.0
Tomato___Bacterial_spot,17,4.0
Tomato___Bacterial_spot,18,4.0
Tomato___Bacterial_spot,19,4.0
Tomato___Bacterial_spot,20,4.0
Tomato___Bacterial_spot,21,4.0
Tomato___Bacterial_spot,22,4.0
Tomato___Bacterial_spot,23,4.0
Tomato___Bacterial_spot,24,4.0
Tomato___Bacterial_spot,25,4.0
Tomato___Bacterial_spot,26,4.0
Tomato___Bacterial_spot,27,4.0
Tomato___Bacterial_spot,28,4.0
Tomato___Bacterial_spot,29,4.0
Tomato___Bacterial_spot,30,4.0
Tomato___Bacterial_spot,31,4.0
Tomato___Bacterial_spot,32,4.0
Tomato___Bacterial_spot,33,4.0
Tomato___Bacterial_spot,34,4.0
Tomato___Bacterial_spot,35,4.0
Tomato___Bacterial_spot,36,4.0
Tomato___Bacterial_spot,37,4.0
Tomato___Bacterial_spot,38,4.0
Tomato___Bacterial_spot,39,4.0
Tomato___Bacterial_spot,40,4.0
Tomato___Bacterial_spot,41,4.0
Tomato___Bacterial_spot,42,4.0
Tomato___Bacterial_spot,43,4.0
Tomato___Bacterial_spot,44,4.0
Tomato___Bacterial_spot,45,4.0
Tomato___Bacterial_spot,46,4.0
Tomato___Bacterial_spot,47,4.0
Tomato___Bacterial_spot,48,4.0
Tomato___Bacterial_spot,49,4.0
Tomato___Bacterial_spot,50,4.0
Tomato___Bacterial_spot,51,4.0
Tomato___Bacterial_spot,52,4.0
Tomato___Early_blight,1,0.5
Tomato___Early_blight,2,1.0
Tomato___Early_blight,3,1.5
Tomato___Early_blight,4,2.0
Tomato___Early_blight,5,2.0
Tomato___Early_blight,6,2.5
Tomato___Early_blight,7,3.0
Tomato___Early_blight,8,3.5
Tomato___Early_blight,9,4.0
Tomato___Early_blight,10,4.0
Tomato___Early_blight,11,4.0
Tomato___Early_blight,12,4.0
Tomato___Early_blight,13,4.0
Tomato___Early_blight,14,4.0
Tomato___Early_blight,15,4.0
Tomato___Early_blight,16,4.0
Tomato___Early_blight,17,4.0
Tomato___Early_blight,18,4.0
Tomato___Early_blight,19,4.0
Tomato___Early_blight,20,4.0
Tomato___Early_blight,21,4.0
Tomato___Early_blight,22,4.0
Tomato___Early_blight,23,4.0
Tomato___Early_blight,24,4.0
Tomato___Early_blight,25,4.0
Tomato___Early_blight,26,4.0
Tomato___Early_blight,27,4.0
Tomato___Early_blight,28,4.0
Tomato___Early_blight,29,4.0
Tomato___Early_blight,30,4.0
Tomato___Early_blight,31,4.0
Tomato___Early_blight,32,4.0
Tomato___Early_blight,33,4.0
Tomato___Early_blight,34,4.0
Tomato___Early_blight,35,4.0
Tomato___Early_blight,36,4.0
Tomato___Early_blight,37,4.0
Tomato___Early_blight,38,4.0
Tomato___Early_blight,39,4.0
Tomato___Early_blight,40,4.0
Tomato___Early_blight,41,4.0
Tomato___Early_blight,42,4.0
Tomato___Early_blight,43,4.0
Tomato___Early_blight,44,4.0
Tomato___Early_blight,45,4.0
Tomato___Early_blight,46,4.0
Tomato___Early_blight,47,4.0
Tomato___Early_blight,48,4.0
Tomato___Early_blight,49,4.0
Tomato___Early_blight,50,4.0
Tomato___Early_blight,51,4.0
Tomato___Early_blight,52,4.0
Tomato___Late_blight,1,0.5
Tomato___Late_blight,2,1.0
Tomato___Late_blight,3,2.0
Tomato___Late_blight,4,3.0
Tomato___Late_blight,5,3.5
Tomato___Late_blight,6,4.0
Tomato___Late_blight,7,4.0
Tomato___Late_blight,8,4.0
Tomato___Late_blight,9,4.0
Tomato___Late_blight,10,4.0
Tomato___Late_blight,11,4.0
Tomato___Late_blight,12,4.0
Tomato___Late_blight,13,4.0
Tomato___Late_blight,14,4.0
Tomato___Late_blight,15,4.0
Tomato___Late_blight,16,4.0
Tomato___Late_blight,17,4.0
Tomato___Late_blight,18,4.0
Tomato___Late_blight,19,4.0
Tomato___Late_blight,20,4.0
Tomato___Late_blight,21,4.0
Tomato___Late_blight,22,4.0
Tomato___Late_blight,23,4.0
Tomato___Late_blight,24,4.0
Tomato___Late_blight,25,4.0
Tomato___Late_blight,26,4.0
Tomato___Late_blight,27,4.0
Tomato___Late_blight,28,4.0
Tomato___Late_blight,29,4.0
Tomato___Late_blight,30,4.0
Tomato___Late_blight,31,4.0
Tomato___Late_blight,32,4.0
Tomato___Late_blight,33,4.0
Tomato___Late_blight,34,4.0
Tomato___Late_blight,35,4.0
Tomato___Late_blight,36,4.0
Tomato___Late_blight,37,4.0
Tomato___Late_blight,38,4.0
Tomato___Late_blight,39,4.0
Tomato___Late_blight,40,4.0
Tomato___Late_blight,41,4.0
Tomato___Late_blight,42,4.0
Tomato___Late_blight,43,4.0
Tomato___Late_blight,44,4.0
Tomato___Late_blight,45,4.0
Tomato___Late_blight,46,4.0
Tomato___Late_blight,47,4.0
Tomato___Late_blight,48,4.0
Tomato___Late_blight,49,4.0
Tomato___Late_blight,50,4.0
Tomato___Late_blight,51,4.0
Tomato___Late_blight,52,4.0
Tomato___Leaf_Mold,1,0.5
Tomato___Leaf_Mold,2,1.0
Tomato___Leaf_Mold,3,1.5
Tomato___Leaf_Mold,4,1.5
Tomato___Leaf_Mold,5,2.5
Tomato___Leaf_Mold,6,3.5
Tomato___Leaf_Mold,7,4.0
Tomato___Leaf_Mold,8,4.0
Tomato___Leaf_Mold,9,4.0
Tomato___Leaf_Mold,10,4.0
Tomato___Leaf_Mold,11,4.0
Tomato___Leaf_Mold,12,4.0
Tomato___Leaf_Mold,13,4.0
Tomato___Leaf_Mold,14,4.0
Tomato___Leaf_Mold,15,4.0
Tomato___Leaf_Mold,16,4.0
Tomato___Leaf_Mold,17,4.0
Tomato___Leaf_Mold,18,4.0
Tomato___Leaf_Mold,19,4.0
Tomato___Leaf_Mold,20,4.0
Tomato___Leaf_Mold,21,4.0
Tomato___Leaf_Mold,22,4.0
Tomato___Leaf_Mold,23,4.0
Tomato___Leaf_Mold,24,4.0
Tomato___Leaf_Mold,25,4.0
Tomato___Leaf_Mold,26,4.0
Tomato___Leaf_Mold,27,4.0
Tomato___Leaf_Mold,28,4.0
Tomato___Leaf_Mold,29,4.0
Tomato___Leaf_Mold,30,4.0
Tomato___Leaf_Mold,31,4.0
Tomato___Leaf_Mold,32,4.0
Tomato___Leaf_Mold,33,4.0
Tomato___Leaf_Mold,34,4.0
Tomato___Leaf_Mold,35,4.0
Tomato___Leaf_Mold,36,4.0
Tomato___Leaf_Mold,37,4.0
Tomato___Leaf_Mold,38,4.0
Tomato___Leaf_Mold,39,4.0
Tomato___Leaf_Mold,40,4.0
Tomato___Leaf_Mold,41,4.0
Tomato___Leaf_Mold,42,4.0
Tomato___Leaf_Mold,43,4.0
Tomato___Leaf_Mold,44,4.0
Tomato___Leaf_Mold,45,4.0
Tomato___Leaf_Mold,46,4.0
Tomato___Leaf_Mold,47,4.0
Tomato___Leaf_Mold,48,4.0
Tomato___Leaf_Mold,49,4.0
Tomato___Leaf_Mold,50,4.0
Tomato___Leaf_Mold,51,4.0
Tomato___Leaf_Mold,52,4.0
Tomato___Septoria_leaf_spot,1,0.5
Tomato___Septoria_leaf_spot,2,1.0
Tomato___Septoria_leaf_spot,3,1.5
Tomato___Septoria_leaf_spot,4,2.0
Tomato___Septoria_leaf_spot,5,3.0
Tomato___Septoria_leaf_spot,6,3.5
Tomato___Septoria_leaf_spot,7,4.0
Tomato___Septoria_leaf_spot,8,4.0
Tomato___Septoria_leaf_spot,9,4.0
Tomato___Septoria_leaf_spot,10,4.0
Tomato___Septoria_leaf_spot,11,4.0
Tomato___Septoria_leaf_spot,12,4.0
Tomato___Septoria_leaf_spot,13,4.0
Tomato___Septoria_leaf_spot,14,4.0
Tomato___Septoria_leaf_spot,15,4.0
Tomato___Septoria_leaf_spot,16,4.0
Tomato___Septoria_leaf_spot,17,4.0
Tomato___Septoria_leaf_spot,18,4.0
Tomato___Septoria_leaf_spot,19,4.0
Tomato___Septoria_leaf_spot,20,4.0
Tomato___Septoria_leaf_spot,21,4.0
Tomato___Septoria_leaf_spot,22,4.0
Tomato___Septoria_leaf_spot,23,4.0
Tomato___Septoria_leaf_spot,24,4.0
Tomato___Septoria_leaf_spot,25,4.0
Tomato___Septoria_leaf_spot,26,4.0
Tomato___Septoria_leaf_spot,27,4.0
Tomato___Septoria_leaf_spot,28,4.0
Tomato___Septoria_leaf_spot,29,4.0
Tomato___Septoria_leaf_spot,30,4.0
Tomato___Septoria_leaf_spot,31,4.0
Tomato___Septoria_leaf_spot,32,4.0
Tomato___Septoria_leaf_spot,33,4.0
Tomato___Septoria_leaf_spot,34,4.0
Tomato___Septoria_leaf_spot,35,4.0
Tomato___Septoria_leaf_spot,36,4.0
Tomato___Septoria_leaf_spot,37,4.0
Tomato___Septoria_leaf_spot,38,4.0
Tomato___Septoria_leaf_spot,39,4.0
Tomato___Septoria_leaf_spot,40,4.0
Tomato___Septoria_leaf_spot,41,4.0
Tomato___Septoria_leaf_spot,42,4.0
Tomato___Septoria_leaf_spot,43,4.0
Tomato___Septoria_leaf_spot,44,4.0
Tomato___Septoria_leaf_spot,45,4.0
Tomato___Septoria_leaf_spot,46,4.0
Tomato___Septoria_leaf_spot,47,4.0
Tomato___Septoria_leaf_spot,48,4.0
Tomato___Septoria_leaf_spot,49,4.0
Tomato___Septoria_leaf_spot,50,4.0
Tomato___Septoria_leaf_spot,51,4.0
Tomato___Septoria_leaf_spot,52,4.0
Tomato___Spider_mites Two-spotted_spider_mite,1,1.0
Tomato___Spider_mites Two-spotted_spider_mite,2,1.5
Tomato___Spider_mites Two-spotted_spider_mite,3,2.0
Tomato___Spider_mites Two-spotted_spider_mite,4,3.0
Tomato___Spider_mites Two-spotted_spider_mite,5,3.5
Tomato___Spider_mites Two-spotted_spider_mite,6,4.0
Tomato___Spider_mites Two-spotted_spider_mite,7,4.0
Tomato___Spider_mites Two-spotted_spider_mite,8,4.0
Tomato___Spider_mites Two-spotted_spider_mite,9,4.0
Tomato___Spider_mites Two-spotted_spider_mite,10,4.0
Tomato___Spider_mites Two-spotted_spider_mite,11,4.0
Tomato___Spider_mites Two-spotted_spider_mite,12,4.0
Tomato___Spider_mites Two-spotted_spider_mite,13,4.0
Tomato___Spider_mites Two-spotted_spider_mite,14,4.0
Tomato___Spider_mites Two-spotted_spider_mite,15,4.0
Tomato___Spider_mites Two-spotted_spider_mite,16,4.0
Tomato___Spider_mites Two-spotted_spider_mite,17,4.0
Tomato___Spider_mites Two-spotted_spider_mite,18,4.0
Tomato___Spider_mites Two-spotted_spider_mite,19,4.0
Tomato___Spider_mites Two-spotted_spider_mite,20,4.0
Tomato___Spider_mites Two-spotted_spider_mite,21,4.0
Tomato___Spider_mites Two-spotted_spider_mite,22,4.0
Tomato___Spider_mites Two-spotted_spider_mite,23,4.0
Tomato___Spider_mites Two-spotted_spider_mite,24,4.0
Tomato___Spider_mites Two-spotted_spider_mite,25,4.0
Tomato___Spider_mites Two-spotted_spider_mite,26,4.0
Tomato___Spider_mites Two-spotted_spider_mite,27,4.0
Tomato___Spider_mites Two-spotted_spider_mite,28,4.0
Tomato___Spider_mites Two-spotted_spider_mite,29,4.0
Tomato___Spider_mites Two-spotted_spider_mite,30,4.0
Tomato___Spider_mites Two-spotted_spider_mite,31,4.0
Tomato___Spider_mites Two-spotted_spider_mite,32,4.0
Tomato___Spider_mites Two-spotted_spider_mite,33,4.0
Tomato___Spider_mites Two-spotted_spider_mite,34,4.0
Tomato___Spider_mites Two-spotted_spider_mite,35,4.0
Tomato___Spider_mites Two-spotted_spider_mite,36,4.0
Tomato___Spider_mites Two-spotted_spider_mite,37,4.0
Tomato___Spider_mites Two-spotted_spider_mite,38,4.0
Tomato___Spider_mites Two-spotted_spider_mite,39,4.0
Tomato___Spider_mites Two-spotted_spider_mite,40,4.0
Tomato___Spider_mites Two-spotted_spider_mite,41,4.0
Tomato___Spider_mites Two-spotted_spider_mite,42,4.0
Tomato___Spider_mites Two-spotted_spider_mite,43,4.0
Tomato___Spider_mites Two-spotted_spider_mite,44,4.0
Tomato___Spider_mites Two-spotted_spider_mite,45,4.0
Tomato___Spider_mites Two-spotted_spider_mite,46,4.0
Tomato___Spider_mites Two-spotted_spider_mite,47,4.0
Tomato___Spider_mites Two-spotted_spider_mite,48,4.0
Tomato___Spider_mites Two-spotted_spider_mite,49,4.0
Tomato___Spider_mites Two-spotted_spider_mite,50,4.0
Tomato___Spider_mites Two-spotted_spider_mite,51,4.0
Tomato___Spider_mites Two-spotted_spider_mite,52,4.0
Tomato___Target_Spot,1,1.0
Tomato___Target_Spot,2,1.5
Tomato___Target_Spot,3,2.0
Tomato___Target_Spot,4,2.5
Tomato___Target_Spot,5,3.0
Tomato___Target_Spot,6,3.5
Tomato___Target_Spot,7,4.0
Tomato___Target_Spot,8,4.0
Tomato___Target_Spot,9,4.0
Tomato___Target_Spot,10,4.0
Tomato___Target_Spot,11,4.0
Tomato___Target_Spot,12,4.0
Tomato___Target_Spot,13,4.0
Tomato___Target_Spot,14,4.0
Tomato___Target_Spot,15,4.0
Tomato___Target_Spot,16,4.0
Tomato___Target_Spot,17,4.0
Tomato___Target_Spot,18,4.0
Tomato___Target_Spot,19,4.0
Tomato___Target_Spot,20,4.0
Tomato___Target_Spot,21,4.0
Tomato___Target_Spot,22,4.0
Tomato___Target_Spot,23,4.0
Tomato___Target_Spot,24,4.0
Tomato___Target_Spot,25,4.0
Tomato___Target_Spot,26,4.0
Tomato___Target_Spot,27,4.0
Tomato___Target_Spot,28,4.0
Tomato___Target_Spot,29,4.0
Tomato___Target_Spot,30,4.0
Tomato___Target_Spot,31,4.0
Tomato___Target_Spot,32,4.0
Tomato___Target_Spot,33,4.0
Tomato___Target_Spot,34,4.0
Tomato___Target_Spot,35,4.0
Tomato___Target_Spot,36,4.0
Tomato___Target_Spot,37,4.0
Tomato___Target_Spot,38,4.0
Tomato___Target_Spot,39,4.0
Tomato___Target_Spot,40,4.0
Tomato___Target_Spot,41,4.0
Tomato___Target_Spot,42,4.0
Tomato___Target_Spot,43,4.0
Tomato___Target_Spot,44,4.0
Tomato___Target_Spot,45,4.0
Tomato___Target_Spot,46,4.0
Tomato___Target_Spot,47,4.0
Tomato___Target_Spot,48,4.0
Tomato___Target_Spot,49,4.0
Tomato___Target_Spot,50,4.0
Tomato___Target_Spot,51,4.0
Tomato___Target_Spot,52,4.0
Tomato___Tomato_Yellow_Leaf_Curl_Virus,1,0.5
Tomato___Tomato_Yellow_Leaf_Curl_Virus,2,1.0
Tomato___Tomato_Yellow_Leaf_Curl_Virus,3,2.0
Tomato___Tomato_Yellow_Leaf_Curl_Virus,4,2.5
Tomato___Tomato_Yellow_Leaf_Curl_Virus,5,2.5
Tomato___Tomato_Yellow_Leaf_Curl_Virus,6,3.0
Tomato___Tomato_Yellow_Leaf_Curl_Virus,7,3.5
Tomato___Tomato_Yellow_Leaf_Curl_Virus,8,4.0
Tomato___Tomato_Yellow_Leaf_Curl_Virus,9,4.0
Tomato___Tomato_Yellow_Leaf_Curl_Virus,10,4.0
Tomato___Tomato_Yellow_Leaf_Curl_Virus,11,4.0
Tomato___Tomato_Yellow_Leaf_Curl_Virus,12,4.0
Tomato___Tomato_Yellow_Leaf_Curl_Virus,13,4.0
Tomato___Tomato_Yellow_Leaf_Curl_Virus,14,4.0
Tomato___Tomato_Yellow_Leaf_Curl_Virus,15,4.0
Tomato___Tomato_Yellow_Leaf_Curl_Virus,16,4.0
Tomato___Tomato_Yellow_Leaf_Curl_Virus,17,4.0
Tomato___Tomato_Yellow_Leaf_Curl_Virus,18,4.0
Tomato___Tomato_Yellow_Leaf_Curl_Virus,19,4.0
Tomato___Tomato_Yellow_Leaf_Curl_Virus,20,4.0
Tomato___Tomato_Yellow_Leaf_Curl_Virus,21,4.0
Tomato___Tomato_Yellow_Leaf_Curl_Virus,22,4.0
Tomato___Tomato_Yellow_Leaf_Curl_Virus,23,4.0
Tomato___Tomato_Yellow_Leaf_Curl_Virus,24,4.0
Tomato___Tomato_Yellow_Leaf_Curl_Virus,25,4.0
Tomato___Tomato_Yellow_Leaf_Curl_Virus,26,4.0
Tomato___Tomato_Yellow_Leaf_Curl_Virus,27,4.0
Tomato___Tomato_Yellow_Leaf_Curl_Virus,28,4.0
Tomato___Tomato_Yellow_Leaf_Curl_Virus,29,4.0
Tomato___Tomato_Yellow_Leaf_Curl_Virus,30,4.0
Tomato___Tomato_Yellow_Leaf_Curl_Virus,31,4.0
Tomato___Tomato_Yellow_Leaf_Curl_Virus,32,4.0
Tomato___Tomato_Yellow_Leaf_Curl_Virus,33,4.0
Tomato___Tomato_Yellow_Leaf_Curl_Virus,34,4.0
Tomato___Tomato_Yellow_Leaf_Curl_Virus,35,4.0
Tomato___Tomato_Yellow_Leaf_Curl_Virus,36,4.0
Tomato___Tomato_Yellow_Leaf_Curl_Virus,37,4.0
Tomato___Tomato_Yellow_Leaf_Curl_Virus,38,4.0
Tomato___Tomato_Yellow_Leaf_Curl_Virus,39,4.0
Tomato___Tomato_Yellow_Leaf_Curl_Virus,40,4.0
Tomato___Tomato_Yellow_Leaf_Curl_Virus,41,4.0
Tomato___Tomato_Yellow_Leaf_Curl_Virus,42,4.0
Tomato___Tomato_Yellow_Leaf_Curl_Virus,43,4.0
Tomato___Tomato_Yellow_Leaf_Curl_Virus,44,4.0
Tomato___Tomato_Yellow_Leaf_Curl_Virus,45,4.0
Tomato___Tomato_Yellow_Leaf_Curl_Virus,46,4.0
Tomato___Tomato_Yellow_Leaf_Curl_Virus,47,4.0
Tomato___Tomato_Yellow_Leaf_Curl_Virus,48,4.0
Tomato___Tomato_Yellow_Leaf_Curl_Virus,49,4.0
Tomato___Tomato_Yellow_Leaf_Curl_Virus,50,4.0
Tomato___Tomato_Yellow_Leaf_Curl_Virus,51,4.0
Tomato___Tomato_Yellow_Leaf_Curl_Virus,52,4.0
Tomato___Tomato_mosaic_virus,1,0.5
Tomato___Tomato_mosaic_virus,2,1.0
Tomato___Tomato_mosaic_virus,3,1.0
Tomato___Tomato_mosaic_virus,4,1.5
Tomato___Tomato_mosaic_virus,5,2.5
Tomato___Tomato_mosaic_virus,6,3.0
Tomato___Tomato_mosaic_virus,7,3.0
Tomato___Tomato_mosaic_virus,8,3.5
Tomato___Tomato_mosaic_virus,9,4.0
Tomato___Tomato_mosaic_virus,10,4.0
Tomato___Tomato_mosaic_virus,11,4.0
Tomato___Tomato_mosaic_virus,12,4.0
Tomato___Tomato_mosaic_virus,13,4.0
Tomato___Tomato_mosaic_virus,14,4.0
Tomato___Tomato_mosaic_virus,15,4.0
Tomato___Tomato_mosaic_virus,16,4.0
Tomato___Tomato_mosaic_virus,17,4.0
Tomato___Tomato_mosaic_virus,18,4.0
Tomato___Tomato_mosaic_virus,19,4.0
Tomato___Tomato_mosaic_virus,20,4.0
Tomato___Tomato_mosaic_virus,21,4.0
Tomato___Tomato_mosaic_virus,22,4.0
Tomato___Tomato_mosaic_virus,23,4.0
Tomato___Tomato_mosaic_virus,24,4.0
Tomato___Tomato_mosaic_virus,25,4.0
Tomato___Tomato_mosaic_virus,26,4.0
Tomato___Tomato_mosaic_virus,27,4.0
Tomato___Tomato_mosaic_virus,28,4.0
Tomato___Tomato_mosaic_virus,29,4.0
Tomato___Tomato_mosaic_virus,30,4.0
Tomato___Tomato_mosaic_virus,31,4.0
Tomato___Tomato_mosaic_virus,32,4.0
Tomato___Tomato_mosaic_virus,33,4.0
Tomato___Tomato_mosaic_virus,34,4.0
Tomato___Tomato_mosaic_virus,35,4.0
Tomato___Tomato_mosaic_virus,36,4.0
Tomato___Tomato_mosaic_virus,37,4.0
Tomato___Tomato_mosaic_virus,38,4.0
Tomato___Tomato_mosaic_virus,39,4.0
Tomato___Tomato_mosaic_virus,40,4.0
Tomato___Tomato_mosaic_virus,41,4.0
Tomato___Tomato_mosaic_virus,42,4.0
Tomato___Tomato_mosaic_virus,43,4.0
Tomato___Tomato_mosaic_virus,44,4.0
Tomato___Tomato_mosaic_virus,45,4.0
Tomato___Tomato_mosaic_virus,46,4.0
Tomato___Tomato_mosaic_virus,47,4.0
Tomato___Tomato_mosaic_virus,48,4.0
Tomato___Tomato_mosaic_virus,49,4.0
Tomato___Tomato_mosaic_virus,50,4.0
Tomato___Tomato_mosaic_virus,51,4.0
Tomato___Tomato_mosaic_virus,52,4.0
Tomato___healthy,1,0.0
Tomato___healthy,2,0.0
Tomato___healthy,3,0.0
Tomato___healthy,4,0.0
Tomato___healthy,5,0.0
Tomato___healthy,6,0.0
Tomato___healthy,7,0.0
Tomato___healthy,8,0.0
Tomato___healthy,9,0.0
Tomato___healthy,10,0.0
Tomato___healthy,11,0.0
Tomato___healthy,12,0.0
Tomato___healthy,13,0.0
Tomato___healthy,14,0.0
Tomato___healthy,15,0.0
Tomato___healthy,16,0.0
Tomato___healthy,17,0.0
Tomato___healthy,18,0.0
Tomato___healthy,19,0.0
Tomato___healthy,20,0.0
Tomato___healthy,21,0.0
Tomato___healthy,22,0.0
Tomato___healthy,23,0.0
Tomato___healthy,24,0.0
Tomato___healthy,25,0.0
Tomato___healthy,26,0.0
Tomato___healthy,27,0.0
Tomato___healthy,28,0.0
Tomato___healthy,29,0.0
Tomato___healthy,30,0.0
Tomato___healthy,31,0.0
Tomato___healthy,32,0.0
Tomato___healthy,33,0.0
Tomato___healthy,34,0.0
Tomato___healthy,35,0.0
Tomato___healthy,36,0.0
Tomato___healthy,37,0.0
Tomato___healthy,38,0.0
Tomato___healthy,39,0.0
Tomato___healthy,40,0.0
Tomato___healthy,41,0.0
Tomato___healthy,42,0.0
Tomato___healthy,43,0.0
Tomato___healthy,44,0.0
Tomato___healthy,45,0.0
Tomato___healthy,46,0.0
Tomato___healthy,47,0.0
Tomato___healthy,48,0.0
Tomato___healthy,49,0.0
Tomato___healthy,50,0.0
Tomato___healthy,51,0.0
Tomato___healthy,52,0.0
